Handle,Title,Body (HTML),Vendor,Product Category,Type,Tags,Published,Option1 Name,Option1 Value,Option1 Linked To,Option2 Name,Option2 Value,Option2 Linked To,Option3 Name,Option3 Value,Option3 Linked To,Variant SKU,Variant Grams,Variant Inventory Tracker,Variant Inventory Policy,Variant Fulfillment Service,Variant Price,Variant Compare At Price,Variant Requires Shipping,Variant Taxable,Unit Price Total Measure,Unit Price Total Measure Unit,Unit Price Base Measure,Unit Price Base Measure Unit,Variant Barcode,Image Src,Image Position,Image Alt Text,Gift Card,SEO Title,SEO Description,Variant Image,Variant Weight Unit,Variant Tax Code,Cost per item,Status
apple-iphone-11-64gb-128gb-256gb-all-colours-unlocked-very-good-condition,Apple iPhone 11 64GB/128GB/256GB - ALL COLOURS - UNLOCKED - VERY GOOD CONDITION,"<div class=""item-specifics""><div class=""specs-grid"">
<div class=""spec-pair"">
<div class=""spec-name"">Processor</div>
<div class=""spec-value"">Hexa Core</div>
</div>
<div class=""spec-pair"">
<div class=""spec-name"">Manufacturer Colour</div>
<div class=""spec-value"">All</div>
</div>
<div class=""spec-pair"">
<div class=""spec-name"">Chipset Model</div>
<div class=""spec-value"">Apple A13 Bionic</div>
</div>
<div class=""spec-pair"">
<div class=""spec-name"">Custom Bundle</div>
<div class=""spec-value"">Yes</div>
</div>
<div class=""spec-pair"">
<div class=""spec-name"">Lock Status</div>
<div class=""spec-value"">Network Unlocked</div>
</div>
<div class=""spec-pair"">
<div class=""spec-name"">SIM Card Slot</div>
<div class=""spec-value"">Single SIM</div>
</div>
<div class=""spec-pair"">
<div class=""spec-name"">Unit Type</div>
<div class=""spec-value"">Unit</div>
</div>
<div class=""spec-pair"">
<div class=""spec-name"">Network</div>
<div class=""spec-value"">Unlocked</div>
</div>
<div class=""spec-pair"">
<div class=""spec-name"">Style</div>
<div class=""spec-value"">Bar</div>
</div>
<div class=""spec-pair"">
<div class=""spec-name"">Features</div>
<div class=""spec-value"">Accelerometer, Ambient Light Sensor, Dual Rear Cameras, Facial Recognition, 4K Video Recording</div>
</div>
<div class=""spec-pair"">
<div class=""spec-name"">Operating System</div>
<div class=""spec-value"">iOS</div>
</div>
<div class=""spec-pair"">
<div class=""spec-name"">Storage Capacity</div>
<div class=""spec-value"">128 GB</div>
</div>
<div class=""spec-pair"">
<div class=""spec-name"">Unit Quantity</div>
<div class=""spec-value"">1</div>
</div>
<div class=""spec-pair"">
<div class=""spec-name"">Camera Resolution</div>
<div class=""spec-value"">12.0 MP</div>
</div>
<div class=""spec-pair"">
<div class=""spec-name"">Screen and/or Battery</div>
<div class=""spec-value"">May be replaced with OEM part.</div>
</div>
<div class=""spec-pair"">
<div class=""spec-name"">Screen Size</div>
<div class=""spec-value"">6.1 in</div>
</div>
<div class=""spec-pair"">
<div class=""spec-name"">EC Range</div>
<div class=""spec-value"">A - G</div>
</div>
<div class=""spec-pair"">
<div class=""spec-name"">Bundle Description</div>
<div class=""spec-value"">Generic LightningCable, Sim Pin, Generic Box</div>
</div>
<div class=""spec-pair"">
<div class=""spec-name"">Memory Card Type</div>
<div class=""spec-value"">MicroSD</div>
</div>
<div class=""spec-pair"">
<div class=""spec-name"">Model Number</div>
<div class=""spec-value"">A2221 (CDMA + GSM)</div>
</div>
<div class=""spec-pair"">
<div class=""spec-name"">Cellular Band</div>
<div class=""spec-value"">HSDPA 900</div>
</div>
<div class=""spec-pair"">
<div class=""spec-name"">Brand</div>
<div class=""spec-value"">Apple</div>
</div>
<div class=""spec-pair"">
<div class=""spec-name"">Model</div>
<div class=""spec-value"">Apple iPhone 11</div>
</div>
<div class=""spec-pair"">
<div class=""spec-name"">Connectivity</div>
<div class=""spec-value"">3G, 4G, 5G, Bluetooth</div>
</div>
<div class=""spec-pair"">
<div class=""spec-name"">Country/Region of Manufacture</div>
<div class=""spec-value"">India</div>
</div>
<div class=""spec-pair"">
<div class=""spec-name"">Contract</div>
<div class=""spec-value"">Without Contract</div>
</div>
<div class=""spec-pair"">
<div class=""spec-name"">RAM</div>
<div class=""spec-value"">4 GB</div>
</div>
</div></div><div class=""item-description""><div class=""description-text"">
<div><br></div>
<div>
<div class=""header-container"" style=""box-sizing: border-box; margin: 0px; padding: 0px;""><div class=""header-content"" style=""box-sizing: border-box; margin: 0px; padding: 0px; width: 988px; text-align: center; background-image: none; background-position: 0% 0%; background-size: auto; background-repeat: repeat; background-attachment: scroll; background-origin: padding-box; background-clip: border-box;""><div class=""main-header"" style=""box-sizing: border-box; margin: 0px; padding: 0px; background: rgb(38, 38, 39);""><div class=""container"" style=""box-sizing: border-box; margin: 0px auto; padding: 0px 10px; width: 919px;""><div id=""topcat"" style=""box-sizing: border-box; margin: 0px; padding: 0px;""><nav style=""box-sizing: border-box; margin: 0px; padding: 0px;""><font size=""4"" style=""box-sizing: border-box; margin: 0px; padding: 0px; font-family: Arial;""><ul class=""menu"" style=""box-sizing: border-box; margin: 0px; padding: 0px; list-style: none; position: relative; z-index: 9999;"">
<li style=""box-sizing: border-box; margin: 0px; padding: 0px; list-style: none; display: inline-block;""><a href=""https://www.ebay.co.uk/str/onemoremobile"" target=""_blank"" style=""box-sizing: border-box; margin: 0px; padding: 15px 20px; background-image: none; background-position: 0% 0%; background-size: auto; background-repeat: repeat; background-attachment: scroll; background-origin: padding-box; background-clip: border-box; text-decoration: none; display: block; font-family: Poppins, sans-serif; font-size: 15px; text-transform: uppercase; font-weight: 600; color: rgb(255, 255, 255) !important;"">HOME</a></li>
<li style=""box-sizing: border-box; margin: 0px; padding: 0px; list-style: none; display: inline-block;""><a href=""https://www.ebay.co.uk/str/onemoremobile?_sop=10&amp;rt=nc"" target=""_blank"" style=""box-sizing: border-box; margin: 0px; padding: 15px 20px; background-image: none; background-position: 0% 0%; background-size: auto; background-repeat: repeat; background-attachment: scroll; background-origin: padding-box; background-clip: border-box; text-decoration: none; display: block; font-family: Poppins, sans-serif; font-size: 15px; text-transform: uppercase; font-weight: 600; color: rgb(255, 255, 255) !important;"">NEW ARRIVALS</a></li>
<li style=""box-sizing: border-box; margin: 0px; padding: 0px; list-style: none; display: inline-block;""><a href=""https://www.ebay.co.uk/str/onemoremobile?_sop=1&amp;rt=nc"" target=""_blank"" style=""box-sizing: border-box; margin: 0px; padding: 15px 20px; background-image: none; background-position: 0% 0%; background-size: auto; background-repeat: repeat; background-attachment: scroll; background-origin: padding-box; background-clip: border-box; text-decoration: none; display: block; font-family: Poppins, sans-serif; font-size: 15px; text-transform: uppercase; font-weight: 600; color: rgb(255, 255, 255) !important;"">ENDING SOON</a></li>
<li style=""box-sizing: border-box; margin: 0px; padding: 0px; list-style: none; display: inline-block;""><a href=""http://feedback.ebay.co.uk/ws/eBayISAPI.dll?ViewFeedback2&amp;userid=onemoremobile&amp;ftab=AllFeedback&amp;myworld=true&amp;rt=nc&amp;_trksid=p2545226.m2531.l4585"" target=""_blank"" style=""box-sizing: border-box; margin: 0px; padding: 15px 20px; background-image: none; background-position: 0% 0%; background-size: auto; background-repeat: repeat; background-attachment: scroll; background-origin: padding-box; background-clip: border-box; text-decoration: none; display: block; font-family: Poppins, sans-serif; font-size: 15px; text-transform: uppercase; font-weight: 600; color: rgb(255, 255, 255) !important;"">FEEDBACK</a></li>
<li style=""box-sizing: border-box; margin: 0px; padding: 0px; list-style: none; display: inline-block;""><a href=""https://www.ebay.co.uk/usr/onemoremobile"" target=""_blank"" style=""box-sizing: border-box; margin: 0px; padding: 15px 20px; background-image: none; background-position: 0% 0%; background-size: auto; background-repeat: repeat; background-attachment: scroll; background-origin: padding-box; background-clip: border-box; text-decoration: none; display: block; font-family: Poppins, sans-serif; font-size: 15px; text-transform: uppercase; font-weight: 600; color: rgb(255, 255, 255) !important;"">ABOUT US</a></li>
</ul></font></nav></div></div></div></div></div>
<div class=""sub-menu-container"" style=""box-sizing: border-box; margin: 0px 0px 1em; padding: 0px; border-bottom-width: 1px; border-bottom-style: solid; border-bottom-color: rgb(237, 237, 237);""><div class=""container"" style=""box-sizing: border-box; margin: 0px auto; padding: 0px 10px; width: 919px;""><div class=""sub-menu-content"" style=""box-sizing: border-box; margin: 0px; padding: 10px 0px; text-align: center;""><font size=""4"" style=""box-sizing: border-box; margin: 0px; padding: 0px; font-family: Arial;""><a class=""sub-menu-left"" href=""https://www.ebay.co.uk/str/onemoremobile"" target=""_blank"" style=""box-sizing: border-box; margin: 0px; padding: 0px 15px 0px 0px; background-image: none; background-position: 0% 0%; background-size: auto; background-repeat: repeat; background-attachment: scroll; background-origin: padding-box; background-clip: border-box; color: rgb(51, 51, 51); text-decoration: none; display: inline-block; font-size: 14px; text-transform: uppercase; font-family: Poppins, sans-serif; border-right-width: 1px; border-right-style: solid; border-right-color: rgb(153, 153, 153); line-height: 12px;""><span style=""box-sizing: border-box; margin: 0px; padding: 0px;"">FREE &amp; FAST SHIPPING ALL OVER UK</span></a> <a class=""sub-menu-right"" href=""https://www.ebay.co.uk/str/onemoremobile"" target=""_blank"" style=""box-sizing: border-box; margin: 0px; padding: 0px 0px 0px 15px; background-image: none; background-position: 0% 0%; background-size: auto; background-repeat: repeat; background-attachment: scroll; background-origin: padding-box; background-clip: border-box; color: rgb(51, 51, 51); text-decoration: none; display: inline-block; font-size: 14px; text-transform: uppercase; font-family: Poppins, sans-serif;""><span style=""box-sizing: border-box; margin: 0px; padding: 0px;"">QUALITY ITEMS - REASONABLE PRICE</span></a></font></div></div></div>
<div class=""banner"" style=""box-sizing: border-box; margin: 1em 0px 0px; padding: 0px;"">
<div class=""container"" style=""box-sizing: border-box; margin: 0px auto; padding: 0px 10px; width: 919px;""><font size=""4"" style=""box-sizing: border-box; margin: 0px; padding: 0px; font-family: Arial;""><a href=""https://www.ebay.co.uk/str/onemoremobile"" target=""_blank"" style=""box-sizing: border-box; margin: 0px; padding: 0px; background-image: none; background-position: 0% 0%; background-size: auto; background-repeat: repeat; background-attachment: scroll; background-origin: padding-box; background-clip: border-box; color: rgb(66, 139, 202); text-decoration: none; outline: 0px;""><img src=""https://www.tanilogics.com/clients/onemoremobile-main/images/Banner.jpg"" class=""fr-fic fr-dii"" style=""box-sizing: border-box; margin: 0px; padding: 0px; border: 0px; vertical-align: middle; max-width: 100%;""></a>       </font></div>
<div class=""container"" style=""box-sizing: border-box; margin: 0px auto; padding: 0px 10px; width: 919px;""><span style=""font-family: Arial; font-size: large; color: rgb(237, 38, 53); caret-color: rgb(51, 51, 51);""><br></span></div>
<div class=""container"" style=""box-sizing: border-box; margin: 0px auto; padding: 0px 10px; width: 919px;""><span style=""font-family: Arial; font-size: large; color: rgb(237, 38, 53); caret-color: rgb(51, 51, 51);""><br></span></div>
<div class=""container"" style=""box-sizing: border-box; margin: 0px auto; padding: 0px 10px; width: 919px;"">
<div id=""itemInfo"" class=""tech"" style=""width: 960px; margin-top: 20px; margin-bottom: 40px;"">
<div class=""top"" style=""width: 940.796875px; padding: 20px 9.59375px 30px; text-align: center; font-size: 1.25em;"">
<p class=""MsoNormal""><font face=""Helvetica, sans-serif"" size=""5""><b>Apple iPhone 11 - 64GB / 128</b></font><b style=""font-family: Helvetica, sans-serif; font-size: x-large;"">GB / 256GB</b><font face=""Helvetica, sans-serif"" size=""5""><b> - All Colours - Unlocked</b></font></p>
<p style=""font-family: Arial; font-size: 14pt;""><font size=""4"">Unlocked Sim Free</font></p>
<div class=""clearfix"" style=""clear: both; height: 0px; font-family: Arial; font-size: 14pt;""></div>
</div>
<div class=""left"" style=""display: inline-block; width: 451.1875px; padding: 0px 0px 0px 9.59375px; float: left;"">
<h2 style=""font-family: Arial; font-size: 1.25em; color: rgb(0, 83, 126); margin-top: 0px;""></h2>
<p class=""MsoNormal"" style=""line-height: normal; background-image: initial; background-position: initial; background-size: initial; background-repeat: initial; background-attachment: initial; background-origin: initial; background-clip: initial;""><span style=""font-family: Arial, sans-serif;""><font size=""5"">Our Conditions Explained:</font></span></p>
<h2 style=""font-size: 14pt; color: rgb(0, 83, 126); margin-top: 0px; font-family: Helvetica, Arial;""></h2>
<p class=""MsoNoSpacing""><font color=""#000000"" face=""Arial"" size=""4"">Very Good</font><font color=""#000000"" face=""Arial"" size=""4"" style=""font-weight: normal;""> - This product is in very good cosmetic condition, there will be minimal signs of wear which may include light scratches and/or scuffs but nothing that will impair functionality. Battery health will be a minimum of 80%. The item has been fully tested, restored to factory settings and is in excellent working order.</font></p>
<h2 style=""font-size: 14pt; color: rgb(0, 83, 126); margin-top: 0px; font-family: Arial;""><font size=""4""><span style=""color: rgb(0, 0, 0); font-weight: normal;"">You’re getting a great device at a great price!</span><font face=""Arial"" style=""color: rgb(0, 0, 0); font-weight: normal;""><br></font></font></h2>
<h2 style=""font-size: 14pt; color: rgb(0, 83, 126); margin-top: 0px; font-family: Arial;""><div style=""color: rgb(0, 0, 0); font-size: large; font-weight: 400;""></div></h2>
<h2 style=""font-size: 14pt; color: rgb(0, 83, 126); margin-top: 0px; font-family: Arial;""></h2>
<p class=""MsoNormal"" style=""color: rgb(0, 0, 0); font-weight: normal;""></p>
<h2 style=""font-size: 14pt; color: rgb(0, 83, 126); margin-top: 0px; font-family: Arial;""></h2>
<p style=""color: rgb(0, 0, 0); font-weight: 400;""><font size=""4"">This Phone doesn't include its original box.</font></p>
</div>
<div class=""right"" style=""display: inline-block; width: 451.1875px; padding: 0px 9.59375px 0px 0px; float: right; font-family: Arial; font-size: 14pt;"">
<h2 style=""font-size: 1.25em; color: rgb(0, 83, 126); margin-top: 0px;""><font size=""5"">As well as a great value phone, you will also receive:</font></h2>
<h2 style=""font-size: 14pt; color: rgb(0, 83, 126); margin-top: 0px;""><ul style=""color: rgb(0, 0, 0); font-weight: 400; list-style-type: none;"">
<li style=""padding-bottom: 15px;""><font size=""4""><strong>FREE</strong> 12 Months Warranty</font></li>
<li style=""padding-bottom: 15px;""><font size=""4""><strong>FREE</strong> USB Charging Cable</font></li>
<li style=""padding-bottom: 15px;""><font size=""4""><strong>FREE</strong> Royal Mail 48hrs delivery</font></li>
</ul></h2>
<p>Please note devices have been through a refurbishment process so may have had parts replaced such as battery, screen, camera etc.  This is all done in house by qualified technicians and is backed by our 12-month warranty.</p>
</div>
<div class=""clearfix"" style=""clear: both; height: 0px; font-family: Arial; font-size: 14pt;""></div>
</div>
<div id=""freeDelivery"" style=""width: 960px; background-color: rgb(0, 83, 126); text-align: center; font-family: Arial; font-size: 14pt;"">
<p></p>
<br class=""Apple-interchange-newline"">
</div>
</div>
</div>
<section class=""content"" style=""box-sizing: border-box; margin: 2em 0px 0px; padding: 0px; border-radius: 0px; border-color: rgb(237, 38, 53) !important;""><div class=""container"" style=""box-sizing: border-box; margin: 0px auto; padding: 0px 10px; width: 919px; caret-color: rgb(51, 51, 51); color: rgb(51, 51, 51); font-family: Arial;""><div class=""inner-row"" style=""box-sizing: border-box; margin: 0px; padding: 0px;""><div class=""col-md-12 right-content"" style=""box-sizing: border-box; margin: 0px; padding: 0px; position: relative; min-height: 1px; width: 899px;""><div class=""panel-big-1 border-0"" style=""box-sizing: border-box; margin: 0px; padding: 0px; border: 0px !important;""><div class=""right-content-1"" style=""box-sizing: border-box; margin: 0px; padding: 0px; float: right; width: 404.546875px;""><div class=""item-container"" style=""box-sizing: border-box; margin: 0px; padding: 0px;""><div class=""product-view-name-sku"" style=""box-sizing: border-box; margin: 0px; padding: 0px;"">
<div><font size=""4"" style=""box-sizing: border-box; margin: 0px; padding: 0px;""><br></font></div>
<div><font size=""4"" style=""box-sizing: border-box; margin: 0px; padding: 0px;""><br></font></div>
<div><font size=""4"" style=""box-sizing: border-box; margin: 0px; padding: 0px;""><br></font></div>
</div></div></div></div></div></div></div></section>
</div>
</div></div><style>
  .item-specifics, .item-description {font-family: Arial, sans-serif; font-size: 14px; margin-top: 16px;}
  .title {font-size: 16px; font-weight: bold; margin: 0 0 8px 0;}
  .specs-grid {display: grid; grid-template-columns: repeat(2, 1fr); gap: 12px 24px;}
  .spec-pair {display: grid; grid-template-columns: 120px 1fr; gap: 8px;}
  .spec-name {font-weight: bold; color: #111;}
  .spec-value {color: #333;}
  .description-text {margin-top: 8px; line-height: 1.4; color: #333;}
</style>
",nexus-dynamics-platform-eg4e6,,"","",true,Storage:,64GB,,Colour,Black,,,,,v1|116809765013|416961622744,0.0,shopify,continue,manual,2802.29,2802.29,true,true,,,,,,https://cdn.shopify.com/s/files/1/0781/6963/7052/files/s-l1600.jpg?v=1782675102,1,"",false,,,https://cdn.shopify.com/s/files/1/0781/6963/7052/files/s-l1600.jpg?v=1782675102,kg,,2802.29,active
apple-iphone-11-64gb-128gb-256gb-all-colours-unlocked-very-good-condition,,,,,,,,,128GB,,,Black,,,,,v1|116809765013|416961622745,0.0,shopify,deny,manual,3692.99,3692.99,true,true,,,,,,https://cdn.shopify.com/s/files/1/0781/6963/7052/files/s-l1600_76e54c91-fcb4-4329-a97a-b7e767b8dc6c.jpg?v=1782675102,2,"",,,,https://cdn.shopify.com/s/files/1/0781/6963/7052/files/s-l1600.jpg?v=1782675102,kg,,3692.99,
apple-iphone-11-64gb-128gb-256gb-all-colours-unlocked-very-good-condition,,,,,,,,,256GB,,,Black,,,,,v1|116809765013|416961622746,0.0,shopify,deny,manual,4105.92,4105.92,true,true,,,,,,https://cdn.shopify.com/s/files/1/0781/6963/7052/files/s-l1600_cd239873-6086-4fa2-b3cc-fce723b435e2.jpg?v=1782675102,3,"",,,,https://cdn.shopify.com/s/files/1/0781/6963/7052/files/s-l1600.jpg?v=1782675102,kg,,4105.92,
apple-iphone-11-64gb-128gb-256gb-all-colours-unlocked-very-good-condition,,,,,,,,,64GB,,,White,,,,,v1|116809765013|416961622747,0.0,shopify,deny,manual,2802.29,2802.29,true,true,,,,,,https://cdn.shopify.com/s/files/1/0781/6963/7052/files/s-l1600_e15b21d5-2313-4dcc-a21f-ee28e84b0e58.jpg?v=1782675102,4,"",,,,https://cdn.shopify.com/s/files/1/0781/6963/7052/files/s-l1600.jpg?v=1782675102,kg,,2802.29,
apple-iphone-11-64gb-128gb-256gb-all-colours-unlocked-very-good-condition,,,,,,,,,128GB,,,White,,,,,v1|116809765013|416961622748,0.0,shopify,deny,manual,3692.99,3692.99,true,true,,,,,,https://cdn.shopify.com/s/files/1/0781/6963/7052/files/s-l1600_d670470d-d047-4d09-939f-84df5c9263dc.jpg?v=1782675102,5,"",,,,https://cdn.shopify.com/s/files/1/0781/6963/7052/files/s-l1600.jpg?v=1782675102,kg,,3692.99,
apple-iphone-11-64gb-128gb-256gb-all-colours-unlocked-very-good-condition,,,,,,,,,256GB,,,White,,,,,v1|116809765013|416961622749,0.0,shopify,deny,manual,4105.92,4105.92,true,true,,,,,,https://cdn.shopify.com/s/files/1/0781/6963/7052/files/s-l1600_5ffb7580-1701-4414-9a61-904543aae11e.jpg?v=1782675102,6,"",,,,https://cdn.shopify.com/s/files/1/0781/6963/7052/files/s-l1600.jpg?v=1782675102,kg,,4105.92,
apple-iphone-11-64gb-128gb-256gb-all-colours-unlocked-very-good-condition,,,,,,,,,64GB,,,Yellow,,,,,v1|116809765013|416961622750,0.0,shopify,deny,manual,2802.29,2802.29,true,true,,,,,,https://cdn.shopify.com/s/files/1/0781/6963/7052/files/s-l1600_56b31731-a793-4668-a3a0-e9891a5d5d86.jpg?v=1782675102,7,"",,,,https://cdn.shopify.com/s/files/1/0781/6963/7052/files/s-l1600.jpg?v=1782675102,kg,,2802.29,
apple-iphone-11-64gb-128gb-256gb-all-colours-unlocked-very-good-condition,,,,,,,,,128GB,,,Yellow,,,,,v1|116809765013|416961622751,0.0,shopify,continue,manual,3692.99,3692.99,true,true,,,,,,,,,,,,https://cdn.shopify.com/s/files/1/0781/6963/7052/files/s-l1600.jpg?v=1782675102,kg,,3692.99,
apple-iphone-11-64gb-128gb-256gb-all-colours-unlocked-very-good-condition,,,,,,,,,256GB,,,Yellow,,,,,v1|116809765013|416961622752,0.0,shopify,deny,manual,4105.92,4105.92,true,true,,,,,,,,,,,,https://cdn.shopify.com/s/files/1/0781/6963/7052/files/s-l1600.jpg?v=1782675102,kg,,4105.92,
apple-iphone-11-64gb-128gb-256gb-all-colours-unlocked-very-good-condition,,,,,,,,,64GB,,,Red,,,,,v1|116809765013|416961622753,0.0,shopify,deny,manual,2802.29,2802.29,true,true,,,,,,,,,,,,https://cdn.shopify.com/s/files/1/0781/6963/7052/files/s-l1600.jpg?v=1782675102,kg,,2802.29,
apple-iphone-11-64gb-128gb-256gb-all-colours-unlocked-very-good-condition,,,,,,,,,128GB,,,Red,,,,,v1|116809765013|416961622754,0.0,shopify,deny,manual,3692.99,3692.99,true,true,,,,,,,,,,,,https://cdn.shopify.com/s/files/1/0781/6963/7052/files/s-l1600.jpg?v=1782675102,kg,,3692.99,
apple-iphone-11-64gb-128gb-256gb-all-colours-unlocked-very-good-condition,,,,,,,,,256GB,,,Red,,,,,v1|116809765013|416961622755,0.0,shopify,deny,manual,4105.92,4105.92,true,true,,,,,,,,,,,,https://cdn.shopify.com/s/files/1/0781/6963/7052/files/s-l1600.jpg?v=1782675102,kg,,4105.92,
apple-iphone-11-64gb-128gb-256gb-all-colours-unlocked-very-good-condition,,,,,,,,,64GB,,,Green,,,,,v1|116809765013|416961622756,0.0,shopify,continue,manual,2802.29,2802.29,true,true,,,,,,,,,,,,https://cdn.shopify.com/s/files/1/0781/6963/7052/files/s-l1600.jpg?v=1782675102,kg,,2802.29,
apple-iphone-11-64gb-128gb-256gb-all-colours-unlocked-very-good-condition,,,,,,,,,128GB,,,Green,,,,,v1|116809765013|416961622757,0.0,shopify,continue,manual,3692.99,3692.99,true,true,,,,,,,,,,,,https://cdn.shopify.com/s/files/1/0781/6963/7052/files/s-l1600.jpg?v=1782675102,kg,,3692.99,
apple-iphone-11-64gb-128gb-256gb-all-colours-unlocked-very-good-condition,,,,,,,,,256GB,,,Green,,,,,v1|116809765013|416961622758,0.0,shopify,deny,manual,4105.92,4105.92,true,true,,,,,,,,,,,,https://cdn.shopify.com/s/files/1/0781/6963/7052/files/s-l1600.jpg?v=1782675102,kg,,4105.92,
apple-iphone-11-64gb-128gb-256gb-all-colours-unlocked-very-good-condition,,,,,,,,,64GB,,,Purple,,,,,v1|116809765013|416961622759,0.0,shopify,deny,manual,2802.29,2802.29,true,true,,,,,,,,,,,,https://cdn.shopify.com/s/files/1/0781/6963/7052/files/s-l1600.jpg?v=1782675102,kg,,2802.29,
apple-iphone-11-64gb-128gb-256gb-all-colours-unlocked-very-good-condition,,,,,,,,,128GB,,,Purple,,,,,v1|116809765013|416961622760,0.0,shopify,continue,manual,3692.99,3692.99,true,true,,,,,,,,,,,,https://cdn.shopify.com/s/files/1/0781/6963/7052/files/s-l1600.jpg?v=1782675102,kg,,3692.99,
apple-iphone-11-64gb-128gb-256gb-all-colours-unlocked-very-good-condition,,,,,,,,,256GB,,,Purple,,,,,v1|116809765013|416961622761,0.0,shopify,deny,manual,4105.92,4105.92,true,true,,,,,,,,,,,,https://cdn.shopify.com/s/files/1/0781/6963/7052/files/s-l1600.jpg?v=1782675102,kg,,4105.92,
apple-iphone-11-unlocked-very-good-condition,Apple iPhone 11 - Unlocked (Very Good Condition),"Apple iPhone 11 with A13 Bionic chip, dual rear cameras, 4K video recording, and Face ID. Network unlocked. Available in 64GB, 128GB and 256GB across six colours. Very good refurbished condition.",Kasidrop,,Smartphones,"apple, iphone, smartphone, tech gadgets, trending, unlocked",true,Storage,64GB,,Colour,Black,,,,,,0.0,shopify,deny,manual,2802.29,,true,true,,,,,,https://cdn.shopify.com/s/files/1/0781/6963/7052/files/apple-iphone-11-64gb-128gb-256_0.jpg?v=1782681123,1,iPhone 11,false,,,,kg,,,active
apple-iphone-11-unlocked-very-good-condition,,,,,,,,,128GB,,,Black,,,,,,0.0,shopify,deny,manual,3692.99,,true,true,,,,,,https://cdn.shopify.com/s/files/1/0781/6963/7052/files/apple-iphone-11-64gb-128gb-256_1.jpg?v=1782681123,2,iPhone 11 back,,,,,kg,,,
apple-iphone-11-unlocked-very-good-condition,,,,,,,,,256GB,,,Black,,,,,,0.0,shopify,deny,manual,4105.92,,true,true,,,,,,https://cdn.shopify.com/s/files/1/0781/6963/7052/files/apple-iphone-11-64gb-128gb-256_2.jpg?v=1782681123,3,iPhone 11 colours,,,,,kg,,,
apple-iphone-11-unlocked-very-good-condition,,,,,,,,,64GB,,,White,,,,,,0.0,shopify,deny,manual,2802.29,,true,true,,,,,,https://cdn.shopify.com/s/files/1/0781/6963/7052/files/apple-iphone-11-64gb-128gb-256_3.jpg?v=1782681123,4,iPhone 11 side,,,,,kg,,,
apple-iphone-11-unlocked-very-good-condition,,,,,,,,,128GB,,,White,,,,,,0.0,shopify,deny,manual,3692.99,,true,true,,,,,,,,,,,,,kg,,,
apple-iphone-11-unlocked-very-good-condition,,,,,,,,,256GB,,,White,,,,,,0.0,shopify,deny,manual,4105.92,,true,true,,,,,,,,,,,,,kg,,,
apple-iphone-11-unlocked-very-good-condition,,,,,,,,,64GB,,,Red,,,,,,0.0,shopify,deny,manual,2802.29,,true,true,,,,,,,,,,,,,kg,,,
apple-iphone-11-unlocked-very-good-condition,,,,,,,,,128GB,,,Red,,,,,,0.0,shopify,deny,manual,3692.99,,true,true,,,,,,,,,,,,,kg,,,
apple-iphone-11-unlocked-very-good-condition,,,,,,,,,256GB,,,Red,,,,,,0.0,shopify,deny,manual,4105.92,,true,true,,,,,,,,,,,,,kg,,,
apple-iphone-11-unlocked-very-good-condition,,,,,,,,,64GB,,,Yellow,,,,,,0.0,shopify,deny,manual,2802.29,,true,true,,,,,,,,,,,,,kg,,,
apple-iphone-11-unlocked-very-good-condition,,,,,,,,,128GB,,,Yellow,,,,,,0.0,shopify,deny,manual,3692.99,,true,true,,,,,,,,,,,,,kg,,,
apple-iphone-11-unlocked-very-good-condition,,,,,,,,,256GB,,,Yellow,,,,,,0.0,shopify,deny,manual,4105.92,,true,true,,,,,,,,,,,,,kg,,,
apple-iphone-11-unlocked-very-good-condition,,,,,,,,,64GB,,,Green,,,,,,0.0,shopify,deny,manual,2802.29,,true,true,,,,,,,,,,,,,kg,,,
apple-iphone-11-unlocked-very-good-condition,,,,,,,,,128GB,,,Green,,,,,,0.0,shopify,deny,manual,3692.99,,true,true,,,,,,,,,,,,,kg,,,
apple-iphone-11-unlocked-very-good-condition,,,,,,,,,256GB,,,Green,,,,,,0.0,shopify,deny,manual,4105.92,,true,true,,,,,,,,,,,,,kg,,,
apple-iphone-11-unlocked-very-good-condition,,,,,,,,,64GB,,,Purple,,,,,,0.0,shopify,deny,manual,2802.29,,true,true,,,,,,,,,,,,,kg,,,
apple-iphone-11-unlocked-very-good-condition,,,,,,,,,128GB,,,Purple,,,,,,0.0,shopify,deny,manual,3692.99,,true,true,,,,,,,,,,,,,kg,,,
apple-iphone-11-unlocked-very-good-condition,,,,,,,,,256GB,,,Purple,,,,,,0.0,shopify,deny,manual,4105.92,,true,true,,,,,,,,,,,,,kg,,,
apple-iphone-13-mini-128gb-256gb-hk-version-unlocked-grade-a-excellent,Apple iPhone 13 Mini - 128GB/256GB - (HK Version) Unlocked - Grade A - Excellent,"<div class=""item-specifics""><div class=""specs-grid"">
<div class=""spec-pair"">
<div class=""spec-name"">Brand</div>
<div class=""spec-value"">Apple</div>
</div>
<div class=""spec-pair"">
<div class=""spec-name"">Model</div>
<div class=""spec-value"">Apple iPhone 13 mini</div>
</div>
</div></div><div class=""item-description""><div class=""description-text"">
<h2 data-path-to-node=""9"">
	<b data-path-to-node=""9"" data-index-in-node=""0"">Description</b>
</h2>
<h3 data-path-to-node=""10"">
	<b data-path-to-node=""10"" data-index-in-node=""0"">The Ultimate Compact Flagship</b>
</h3>
<p data-path-to-node=""11"">
	This is the <b data-path-to-node=""11"" data-index-in-node=""12"">Hong Kong (HK) Version (Model A2628)</b> of the iPhone 13 Mini. It packs all the advanced technology of the iPhone 13 into a pocket-friendly 5.4-inch design. It is factory unlocked and fully compatible with global 5G and 4G LTE networks.
</p>
<h3 data-path-to-node=""12"">
	<b data-path-to-node=""12"" data-index-in-node=""0"">Grade A Condition &amp; Testing</b>
</h3>
<p data-path-to-node=""13"">
	Our Pre-Owned devices are professionally inspected to ensure 100% performance:
</p>
<ul data-path-to-node=""14"">
	<li>
		<p data-path-to-node=""14,0,0"">
			<b data-path-to-node=""14,0,0"" data-index-in-node=""0"">Appearance:</b> Very Excellent condition (Grade A). The aluminum edges and glass back have nearly no visible scratches.
		</p>
	</li>
	<li>
		<p data-path-to-node=""14,1,0"">
			<b data-path-to-node=""14,1,0"" data-index-in-node=""0"">Tested:</b> 100% functional. Face ID, the Super Retina XDR (OLED) display, and the A15 Bionic chip are all in perfect working order.
		</p>
	</li>
	<li>
		<p data-path-to-node=""14,2,0"">
			<b data-path-to-node=""14,2,0"" data-index-in-node=""0"">Battery:</b> Every unit is confirmed to have a battery health capacity of <b data-path-to-node=""14,2,0"" data-index-in-node=""70"">80% or higher</b>.
		</p>
	</li>
</ul>
<hr data-path-to-node=""15"">
<h3 data-path-to-node=""16"">
	<b data-path-to-node=""16"" data-index-in-node=""0"">⚠️ Important: Inventory &amp; Fulfillment Policy</b>
</h3>
<p data-path-to-node=""17"">
	To ensure you receive the highest quality device available, please note our process:
</p>
<ol start=""1"" data-path-to-node=""18"">
	<li>
		<p data-path-to-node=""18,0,0"">
			<b data-path-to-node=""18,0,0"" data-index-in-node=""0"">Color Priority:</b> We will prioritize shipping the specific color you select (<b data-path-to-node=""18,0,0"" data-index-in-node=""75"">Midnight, Starlight, Blue, Pink, Green, or Red</b>).
		</p>
	</li>
	<li>
		<p data-path-to-node=""18,1,0"">
			<b data-path-to-node=""18,1,0"" data-index-in-node=""0"">Out of Stock Protocol:</b> If your chosen color is out of stock, we will contact you immediately via eBay message to offer an alternative color.
		</p>
	</li>
	<li>
		<p data-path-to-node=""18,2,0"">
			<b data-path-to-node=""18,2,0"" data-index-in-node=""0"">Your Choice:</b> If you do not wish to switch colors, we will provide a full refund and cancel the order at your request.
		</p>
	</li>
	<li>
		<p data-path-to-node=""18,3,0"">
			<b data-path-to-node=""18,3,0"" data-index-in-node=""0"">Pre-Shipping Proof:</b> For your total confidence, <b data-path-to-node=""18,3,0"" data-index-in-node=""47"">we will send you a message before shipping</b> containing:
		</p>
		<ul data-path-to-node=""18,3,1"">
			<li>
				<p data-path-to-node=""18,3,1,0,0"">
					High-resolution photos of the actual device being sent to you.
				</p>
			</li>
			<li>
				<p data-path-to-node=""18,3,1,1,0"">
					The exact Battery Health percentage.
				</p>
			</li>
			<li>
				<p data-path-to-node=""18,3,1,2,0"">
					The unique IMEI number for your verification.
				</p>
			</li>
		</ul>
	</li>
</ol>
<hr data-path-to-node=""19"">
<h3 data-path-to-node=""20"">
	<b data-path-to-node=""20"" data-index-in-node=""0"">iPhone 13 Mini Highlights</b>
</h3>
<ul data-path-to-node=""21"">
	<li>
		<p data-path-to-node=""21,0,0"">
			<b data-path-to-node=""21,0,0"" data-index-in-node=""0"">5.4-inch Super Retina XDR:</b> A stunning OLED display that fits comfortably in one hand.
		</p>
	</li>
	<li>
		<p data-path-to-node=""21,1,0"">
			<b data-path-to-node=""21,1,0"" data-index-in-node=""0"">A15 Bionic Chip:</b> Blazing-fast performance and improved power efficiency.
		</p>
	</li>
	<li>
		<p data-path-to-node=""21,2,0"">
			<b data-path-to-node=""21,2,0"" data-index-in-node=""0"">Advanced Dual-Camera System:</b> 12MP Ultra Wide and Wide lenses with Cinematic Mode and Photographic Styles.
		</p>
	</li>
	<li>
		<p data-path-to-node=""21,3,0"">
			<b data-path-to-node=""21,3,0"" data-index-in-node=""0"">Compact &amp; Durable:</b> Flat-edge design with Ceramic Shield for extra durability.
		</p>
	</li>
</ul>
<hr data-path-to-node=""22"">
<h2 data-path-to-node=""23"">
	<b data-path-to-node=""23"" data-index-in-node=""0"">Shipping &amp; Returns</b>
</h2>
<ul data-path-to-node=""24"">
	<li>
		<p data-path-to-node=""24,0,0"">
			<b data-path-to-node=""24,0,0"" data-index-in-node=""0"">Handling:</b> Ships within 1 business day after your confirmation of the device details in our message.
		</p>
	</li>
	<li>
		<p data-path-to-node=""24,1,0"">
			<b data-path-to-node=""24,1,0"" data-index-in-node=""0"">Shipping:</b> Securely packaged and sent with tracked delivery.
		</p>
	</li>
	<li>
		<p data-path-to-node=""24,2,0"">
			<b data-path-to-node=""24,2,0"" data-index-in-node=""0"">30-Day Returns:</b> Satisfaction guaranteed. If the device does not match the photos or description provided, we offer a 30-day money-back guarantee.
		</p>
	</li>
</ul>
</div></div><style>
  .item-specifics, .item-description {font-family: Arial, sans-serif; font-size: 14px; margin-top: 16px;}
  .title {font-size: 16px; font-weight: bold; margin: 0 0 8px 0;}
  .specs-grid {display: grid; grid-template-columns: repeat(2, 1fr); gap: 12px 24px;}
  .spec-pair {display: grid; grid-template-columns: 120px 1fr; gap: 8px;}
  .spec-name {font-weight: bold; color: #111;}
  .spec-value {color: #333;}
  .description-text {margin-top: 8px; line-height: 1.4; color: #333;}
</style>
",nexus-dynamics-platform-eg4e6,,"","",true,Color,Midnight,,Storage Capacity,128 GB,,,,,v1|389982056211|657199639136,0.0,shopify,continue,manual,5908.40,5908.40,true,true,,,,,Does not apply,https://cdn.shopify.com/s/files/1/0781/6963/7052/files/s-l1600_860a6443-2ed1-4e97-abe7-e81c00d622c6.jpg?v=1782675679,1,"",false,,,https://cdn.shopify.com/s/files/1/0781/6963/7052/files/s-l1600_ca4db883-720d-43fd-839c-19708fd0f3b1.jpg?v=1782675679,kg,,5908.40,active
apple-iphone-13-mini-128gb-256gb-hk-version-unlocked-grade-a-excellent,,,,,,,,,Red,,,128 GB,,,,,v1|389982056211|657199639137,0.0,shopify,continue,manual,5908.40,5908.40,true,true,,,,,Does not apply,https://cdn.shopify.com/s/files/1/0781/6963/7052/files/s-l1600_ca4db883-720d-43fd-839c-19708fd0f3b1.jpg?v=1782675679,2,"",,,,https://cdn.shopify.com/s/files/1/0781/6963/7052/files/s-l1600_52f94f10-d837-4914-acb5-8f3a5f89f11e.jpg?v=1782675678,kg,,5908.40,
apple-iphone-13-mini-128gb-256gb-hk-version-unlocked-grade-a-excellent,,,,,,,,,Blue,,,128 GB,,,,,v1|389982056211|657199639138,0.0,shopify,continue,manual,5908.40,5908.40,true,true,,,,,Does not apply,https://cdn.shopify.com/s/files/1/0781/6963/7052/files/s-l1600_52f94f10-d837-4914-acb5-8f3a5f89f11e.jpg?v=1782675678,3,"",,,,https://cdn.shopify.com/s/files/1/0781/6963/7052/files/s-l1600_d1349c13-8b11-4949-b3f9-69bdf18bb8a5.jpg?v=1782675679,kg,,5908.40,
apple-iphone-13-mini-128gb-256gb-hk-version-unlocked-grade-a-excellent,,,,,,,,,Green,,,128 GB,,,,,v1|389982056211|657199639139,0.0,shopify,continue,manual,5908.40,5908.40,true,true,,,,,Does not apply,https://cdn.shopify.com/s/files/1/0781/6963/7052/files/s-l1600_d1349c13-8b11-4949-b3f9-69bdf18bb8a5.jpg?v=1782675679,4,"",,,,https://cdn.shopify.com/s/files/1/0781/6963/7052/files/s-l1600_6cfe3e29-b5eb-49ae-bbfa-f9e579489272.jpg?v=1782675678,kg,,5908.40,
apple-iphone-13-mini-128gb-256gb-hk-version-unlocked-grade-a-excellent,,,,,,,,,Pink,,,128 GB,,,,,v1|389982056211|657199639140,0.0,shopify,continue,manual,5908.40,5908.40,true,true,,,,,Does not apply,https://cdn.shopify.com/s/files/1/0781/6963/7052/files/s-l1600_6cfe3e29-b5eb-49ae-bbfa-f9e579489272.jpg?v=1782675678,5,"",,,,https://cdn.shopify.com/s/files/1/0781/6963/7052/files/s-l1600_5dab5d80-a358-404c-96b3-8ba67d50bed2.jpg?v=1782675678,kg,,5908.40,
apple-iphone-13-mini-128gb-256gb-hk-version-unlocked-grade-a-excellent,,,,,,,,,Starlight,,,128 GB,,,,,v1|389982056211|657199639141,0.0,shopify,continue,manual,5908.40,5908.40,true,true,,,,,Does not apply,https://cdn.shopify.com/s/files/1/0781/6963/7052/files/s-l1600_5dab5d80-a358-404c-96b3-8ba67d50bed2.jpg?v=1782675678,6,"",,,,https://cdn.shopify.com/s/files/1/0781/6963/7052/files/s-l1600_247a9898-4994-4a0c-be1b-bcf28753f556.jpg?v=1782675678,kg,,5908.40,
apple-iphone-13-mini-128gb-256gb-hk-version-unlocked-grade-a-excellent,,,,,,,,,Midnight,,,256 GB,,,,,v1|389982056211|657199639142,0.0,shopify,continue,manual,6566.71,6566.71,true,true,,,,,Does not apply,https://cdn.shopify.com/s/files/1/0781/6963/7052/files/s-l1600_247a9898-4994-4a0c-be1b-bcf28753f556.jpg?v=1782675678,7,"",,,,https://cdn.shopify.com/s/files/1/0781/6963/7052/files/s-l1600_ca4db883-720d-43fd-839c-19708fd0f3b1.jpg?v=1782675679,kg,,6566.71,
apple-iphone-13-mini-128gb-256gb-hk-version-unlocked-grade-a-excellent,,,,,,,,,Red,,,256 GB,,,,,v1|389982056211|657199639143,0.0,shopify,continue,manual,6566.71,6566.71,true,true,,,,,Does not apply,https://cdn.shopify.com/s/files/1/0781/6963/7052/files/s-l1600_eae285e4-cd1c-4ad6-9c18-5b85dc45656b.jpg?v=1782675678,8,"",,,,https://cdn.shopify.com/s/files/1/0781/6963/7052/files/s-l1600_52f94f10-d837-4914-acb5-8f3a5f89f11e.jpg?v=1782675678,kg,,6566.71,
apple-iphone-13-mini-128gb-256gb-hk-version-unlocked-grade-a-excellent,,,,,,,,,Blue,,,256 GB,,,,,v1|389982056211|657199639144,0.0,shopify,continue,manual,6566.71,6566.71,true,true,,,,,Does not apply,https://cdn.shopify.com/s/files/1/0781/6963/7052/files/s-l1600_03ae79b3-9447-4322-8c02-e785bfd89204.jpg?v=1782675678,9,"",,,,https://cdn.shopify.com/s/files/1/0781/6963/7052/files/s-l1600_d1349c13-8b11-4949-b3f9-69bdf18bb8a5.jpg?v=1782675679,kg,,6566.71,
apple-iphone-13-mini-128gb-256gb-hk-version-unlocked-grade-a-excellent,,,,,,,,,Green,,,256 GB,,,,,v1|389982056211|657199639145,0.0,shopify,continue,manual,6566.71,6566.71,true,true,,,,,Does not apply,https://cdn.shopify.com/s/files/1/0781/6963/7052/files/s-l1600_b5213d1c-15fe-4f27-8f0a-4f9dda710ea8.jpg?v=1782675678,10,"",,,,https://cdn.shopify.com/s/files/1/0781/6963/7052/files/s-l1600_6cfe3e29-b5eb-49ae-bbfa-f9e579489272.jpg?v=1782675678,kg,,6566.71,
apple-iphone-13-mini-128gb-256gb-hk-version-unlocked-grade-a-excellent,,,,,,,,,Pink,,,256 GB,,,,,v1|389982056211|657199639146,0.0,shopify,continue,manual,6566.71,6566.71,true,true,,,,,Does not apply,https://cdn.shopify.com/s/files/1/0781/6963/7052/files/s-l1600_10fe28fb-7daa-4da0-b03f-aa2d52ddd249.jpg?v=1782675678,11,"",,,,https://cdn.shopify.com/s/files/1/0781/6963/7052/files/s-l1600_5dab5d80-a358-404c-96b3-8ba67d50bed2.jpg?v=1782675678,kg,,6566.71,
apple-iphone-13-mini-128gb-256gb-hk-version-unlocked-grade-a-excellent,,,,,,,,,Starlight,,,256 GB,,,,,v1|389982056211|657199639147,0.0,shopify,continue,manual,6566.71,6566.71,true,true,,,,,Does not apply,https://cdn.shopify.com/s/files/1/0781/6963/7052/files/s-l1600_3d453287-b333-4693-bafb-46415a5ab3d4.jpg?v=1782675678,12,"",,,,https://cdn.shopify.com/s/files/1/0781/6963/7052/files/s-l1600_247a9898-4994-4a0c-be1b-bcf28753f556.jpg?v=1782675678,kg,,6566.71,
apple-iphone-13-mini-128gb-256gb-hk-version-unlocked-grade-a-excellent,,,,,,,,,,,,,,,,,,,,,,,,,,,,,,,https://cdn.shopify.com/s/files/1/0781/6963/7052/files/s-l1600_e6ddb22c-9a7c-474a-8d41-98b68b21d1b5.jpg?v=1782675679,13,"",,,,,,,,
apple-iphone-13-mini-128gb-256gb-hk-version-unlocked-grade-a-excellent,,,,,,,,,,,,,,,,,,,,,,,,,,,,,,,https://cdn.shopify.com/s/files/1/0781/6963/7052/files/s-l1600_f092558e-e1d9-4c3f-ac0e-f940744a80d5.jpg?v=1782675679,14,"",,,,,,,,
apple-iphone-13-mini-128gb-256gb-hk-version-unlocked-grade-a-excellent,,,,,,,,,,,,,,,,,,,,,,,,,,,,,,,https://cdn.shopify.com/s/files/1/0781/6963/7052/files/s-l1600_6d2e87f8-fbf1-4cf1-8582-b437f113b463.jpg?v=1782675679,15,"",,,,,,,,
apple-iphone-13-mini-128gb-256gb-hk-version-unlocked-grade-a-excellent,,,,,,,,,,,,,,,,,,,,,,,,,,,,,,,https://cdn.shopify.com/s/files/1/0781/6963/7052/files/s-l1600_91ff184a-1988-470b-b818-7f5c991469c4.jpg?v=1782675678,16,"",,,,,,,,
apple-iphone-13-mini-128gb-256gb-hk-version-unlocked-grade-a-excellent,,,,,,,,,,,,,,,,,,,,,,,,,,,,,,,https://cdn.shopify.com/s/files/1/0781/6963/7052/files/s-l1600_5520e4f3-d7b8-40b1-a3d7-408f8433cd91.jpg?v=1782675679,17,"",,,,,,,,
apple-iphone-13-mini-128gb-256gb-hk-version-unlocked-grade-a-excellent,,,,,,,,,,,,,,,,,,,,,,,,,,,,,,,https://cdn.shopify.com/s/files/1/0781/6963/7052/files/s-l1600_cdf49ec5-b816-4a80-9f1e-5a8028c82002.jpg?v=1782675679,18,"",,,,,,,,
apple-iphone-13-mini-128gb-256gb-hk-version-unlocked-grade-a-excellent,,,,,,,,,,,,,,,,,,,,,,,,,,,,,,,https://cdn.shopify.com/s/files/1/0781/6963/7052/files/s-l1600_d2d44ceb-1d25-4a06-bb57-95297324cd7b.jpg?v=1782675678,19,"",,,,,,,,
apple-iphone-13-mini-128gb-256gb-hk-version-unlocked-grade-a-excellent,,,,,,,,,,,,,,,,,,,,,,,,,,,,,,,https://cdn.shopify.com/s/files/1/0781/6963/7052/files/s-l1600_8fdfe4d8-c977-4e00-b68a-3f9195d05ee8.jpg?v=1782675679,20,"",,,,,,,,
apple-iphone-13-mini-128gb-256gb-hk-version-unlocked-grade-a-excellent,,,,,,,,,,,,,,,,,,,,,,,,,,,,,,,https://cdn.shopify.com/s/files/1/0781/6963/7052/files/s-l1600_0359cbb7-02bf-44a6-b9a4-1d1c600fb546.jpg?v=1782675678,21,"",,,,,,,,
apple-iphone-13-mini-128gb-256gb-hk-version-unlocked-grade-a-excellent,,,,,,,,,,,,,,,,,,,,,,,,,,,,,,,https://cdn.shopify.com/s/files/1/0781/6963/7052/files/s-l1600_45f39c67-9109-4bce-9bb0-5c0d1d7ec04a.jpg?v=1782675679,22,"",,,,,,,,
apple-iphone-13-mini-128gb-256gb-hk-version-unlocked-grade-a-excellent,,,,,,,,,,,,,,,,,,,,,,,,,,,,,,,https://cdn.shopify.com/s/files/1/0781/6963/7052/files/s-l1600_cae2fa90-c7ad-4089-a955-658acca1374a.jpg?v=1782675678,23,"",,,,,,,,
apple-iphone-13-mini-128gb-256gb-hk-version-unlocked-grade-a-excellent,,,,,,,,,,,,,,,,,,,,,,,,,,,,,,,https://cdn.shopify.com/s/files/1/0781/6963/7052/files/s-l1600_0c22d658-d798-4a37-8f89-83d2cfa255ba.jpg?v=1782675679,24,"",,,,,,,,
apple-iphone-13-mini-128gb-256gb-hk-version-unlocked-grade-a-excellent,,,,,,,,,,,,,,,,,,,,,,,,,,,,,,,https://cdn.shopify.com/s/files/1/0781/6963/7052/files/s-l1600_4de3f10c-1bbb-45a2-9ece-3d26d5ec4a95.jpg?v=1782675678,25,"",,,,,,,,
apple-iphone-13-mini-128gb-256gb-hk-version-unlocked-grade-a-excellent,,,,,,,,,,,,,,,,,,,,,,,,,,,,,,,https://cdn.shopify.com/s/files/1/0781/6963/7052/files/s-l1600_092964c5-2d2e-409d-b8da-05069fa4dcb1.jpg?v=1782675678,26,"",,,,,,,,
apple-iphone-13-mini-128gb-256gb-hk-version-unlocked-grade-a-excellent,,,,,,,,,,,,,,,,,,,,,,,,,,,,,,,https://cdn.shopify.com/s/files/1/0781/6963/7052/files/s-l1600_8136335c-bc5e-449d-b609-5cb2714463dc.jpg?v=1782675679,27,"",,,,,,,,
apple-iphone-13-mini-128gb-256gb-hk-version-unlocked-grade-a-excellent,,,,,,,,,,,,,,,,,,,,,,,,,,,,,,,https://cdn.shopify.com/s/files/1/0781/6963/7052/files/s-l1600_6b9d8998-8571-4e5b-b3fe-0802636cfdf1.jpg?v=1782675678,28,"",,,,,,,,
apple-iphone-13-mini-128gb-256gb-hk-version-unlocked-grade-a-excellent,,,,,,,,,,,,,,,,,,,,,,,,,,,,,,,https://cdn.shopify.com/s/files/1/0781/6963/7052/files/s-l1600_de2fe455-edf5-4888-8d5a-e924d54a0da2.jpg?v=1782675679,29,"",,,,,,,,
apple-iphone-13-mini-128gb-256gb-hk-version-unlocked-grade-a-excellent,,,,,,,,,,,,,,,,,,,,,,,,,,,,,,,https://cdn.shopify.com/s/files/1/0781/6963/7052/files/s-l1600_3a71060f-c543-4db5-a0b0-c7356ba12bf5.jpg?v=1782675679,30,"",,,,,,,,
apple-iphone-13-mini-128gb-256gb-hk-version-unlocked-grade-a-excellent,,,,,,,,,,,,,,,,,,,,,,,,,,,,,,,https://cdn.shopify.com/s/files/1/0781/6963/7052/files/s-l1600_4baeb5c0-0cc4-4a94-beff-63a57272af40.jpg?v=1782675679,31,"",,,,,,,,
apple-iphone-13-mini-128gb-256gb-hk-version-unlocked-grade-a-excellent,,,,,,,,,,,,,,,,,,,,,,,,,,,,,,,https://cdn.shopify.com/s/files/1/0781/6963/7052/files/s-l1600_03566d34-6d0f-476b-aec7-fdf20873b9b9.jpg?v=1782675678,32,"",,,,,,,,
apple-iphone-13-mini-128gb-256gb-hk-version-unlocked-grade-a-excellent,,,,,,,,,,,,,,,,,,,,,,,,,,,,,,,https://cdn.shopify.com/s/files/1/0781/6963/7052/files/s-l1600_e064b431-cf03-4f5b-9a03-3618d2628d00.jpg?v=1782675678,33,"",,,,,,,,
apple-iphone-13-mini-128gb-256gb-hk-version-unlocked-grade-a-excellent,,,,,,,,,,,,,,,,,,,,,,,,,,,,,,,https://cdn.shopify.com/s/files/1/0781/6963/7052/files/s-l1600_e90fd535-e628-4f10-b107-a6701e90213b.jpg?v=1782675678,34,"",,,,,,,,
apple-iphone-13-mini-128gb-256gb-hk-version-unlocked-grade-a-excellent,,,,,,,,,,,,,,,,,,,,,,,,,,,,,,,https://cdn.shopify.com/s/files/1/0781/6963/7052/files/s-l1600_58eb0aa3-89e9-4b5e-8970-b01d18cc7f87.jpg?v=1782675678,35,"",,,,,,,,
apple-iphone-13-mini-128gb-256gb-hk-version-unlocked-grade-a-excellent,,,,,,,,,,,,,,,,,,,,,,,,,,,,,,,https://cdn.shopify.com/s/files/1/0781/6963/7052/files/s-l1600_3e324746-b8a6-40cf-a484-f02d7ea5e193.jpg?v=1782675678,36,"",,,,,,,,
apple-iphone-13-mini-128gb-256gb-hk-version-unlocked-grade-a-excellent,,,,,,,,,,,,,,,,,,,,,,,,,,,,,,,https://cdn.shopify.com/s/files/1/0781/6963/7052/files/s-l1600_94e9281e-18fa-4289-9568-3cad2d855251.jpg?v=1782675679,37,"",,,,,,,,
apple-iphone-13-mini-128gb-256gb-hk-version-unlocked-grade-a-excellent,,,,,,,,,,,,,,,,,,,,,,,,,,,,,,,https://cdn.shopify.com/s/files/1/0781/6963/7052/files/s-l1600_b34559ff-ccb2-49f6-a3aa-776840fc7efb.jpg?v=1782675679,38,"",,,,,,,,
apple-iphone-13-mini-128gb-256gb-hk-version-unlocked-grade-a-excellent,,,,,,,,,,,,,,,,,,,,,,,,,,,,,,,https://cdn.shopify.com/s/files/1/0781/6963/7052/files/s-l1600_4e439a95-6f5f-480c-aa05-643b87bb9fca.jpg?v=1782675679,39,"",,,,,,,,
apple-iphone-13-mini-128gb-256gb-hk-version-unlocked-grade-a-excellent,,,,,,,,,,,,,,,,,,,,,,,,,,,,,,,https://cdn.shopify.com/s/files/1/0781/6963/7052/files/s-l1600_24b625dc-e05e-475b-8eb5-28e7375b76db.jpg?v=1782675678,40,"",,,,,,,,
apple-iphone-13-mini-128gb-256gb-hk-version-unlocked-grade-a-excellent,,,,,,,,,,,,,,,,,,,,,,,,,,,,,,,https://cdn.shopify.com/s/files/1/0781/6963/7052/files/s-l1600_c6072b30-a0a8-4a28-9db7-166d7cf5ae62.jpg?v=1782675679,41,"",,,,,,,,
apple-iphone-13-mini-128gb-256gb-hk-version-unlocked-grade-a-excellent,,,,,,,,,,,,,,,,,,,,,,,,,,,,,,,https://cdn.shopify.com/s/files/1/0781/6963/7052/files/s-l1600_d332ee89-99e3-44c9-8290-9f9c01280594.jpg?v=1782675678,42,"",,,,,,,,
apple-iphone-13-mini-128gb-256gb-hk-version-unlocked-grade-a-excellent,,,,,,,,,,,,,,,,,,,,,,,,,,,,,,,https://cdn.shopify.com/s/files/1/0781/6963/7052/files/s-l1600_dda3adcb-bb57-4940-a563-6176e7bde212.jpg?v=1782675678,43,"",,,,,,,,
apple-iphone-13-mini-128gb-256gb-hk-version-unlocked-grade-a-excellent,,,,,,,,,,,,,,,,,,,,,,,,,,,,,,,https://cdn.shopify.com/s/files/1/0781/6963/7052/files/s-l1600_6352489a-406b-4197-883e-82397a7bd6de.jpg?v=1782675678,44,"",,,,,,,,
apple-iphone-13-mini-128gb-256gb-hk-version-unlocked-grade-a-excellent,,,,,,,,,,,,,,,,,,,,,,,,,,,,,,,https://cdn.shopify.com/s/files/1/0781/6963/7052/files/s-l1600_d376189f-288c-4c4f-89a7-0f85998db117.jpg?v=1782675678,45,"",,,,,,,,
apple-iphone-13-mini-128gb-256gb-hk-version-unlocked-grade-a-excellent,,,,,,,,,,,,,,,,,,,,,,,,,,,,,,,https://cdn.shopify.com/s/files/1/0781/6963/7052/files/s-l1600_4cc3cac2-7ef2-42ad-b929-740e9b5587b2.jpg?v=1782675678,46,"",,,,,,,,
apple-iphone-13-mini-128gb-256gb-hk-version-unlocked-grade-a-excellent,,,,,,,,,,,,,,,,,,,,,,,,,,,,,,,https://cdn.shopify.com/s/files/1/0781/6963/7052/files/s-l1600_0b6ecde6-792b-4d58-aaa8-05bb970abfad.jpg?v=1782675679,47,"",,,,,,,,
apple-iphone-13-mini-128gb-256gb-hk-version-unlocked-grade-a-excellent,,,,,,,,,,,,,,,,,,,,,,,,,,,,,,,https://cdn.shopify.com/s/files/1/0781/6963/7052/files/s-l1600_7974cac1-c168-41c1-93ce-8aba110a480b.jpg?v=1782675679,48,"",,,,,,,,
apple-iphone-13-mini-128gb-256gb-hk-version-unlocked-grade-a-excellent,,,,,,,,,,,,,,,,,,,,,,,,,,,,,,,https://cdn.shopify.com/s/files/1/0781/6963/7052/files/s-l1600_71ca8b7f-0f04-4680-8838-794da9510043.jpg?v=1782675678,49,"",,,,,,,,
apple-iphone-13-mini-128gb-256gb-hk-version-unlocked-grade-a-excellent,,,,,,,,,,,,,,,,,,,,,,,,,,,,,,,https://cdn.shopify.com/s/files/1/0781/6963/7052/files/s-l1600_2c52b808-85ad-430d-a669-4834dd9990d7.jpg?v=1782675679,50,"",,,,,,,,
apple-iphone-13-mini-128gb-256gb-hk-version-unlocked-grade-a-excellent,,,,,,,,,,,,,,,,,,,,,,,,,,,,,,,https://cdn.shopify.com/s/files/1/0781/6963/7052/files/s-l1600_c6ab85fe-ca5c-4839-859c-570c83570055.jpg?v=1782675679,51,"",,,,,,,,
apple-iphone-13-mini-128gb-256gb-hk-version-unlocked-grade-a-excellent,,,,,,,,,,,,,,,,,,,,,,,,,,,,,,,https://cdn.shopify.com/s/files/1/0781/6963/7052/files/s-l1600_9f6bbae9-6bfe-45c8-a027-6492587da3a4.jpg?v=1782675678,52,"",,,,,,,,
apple-iphone-13-mini-128gb-256gb-hk-version-unlocked-grade-a-excellent,,,,,,,,,,,,,,,,,,,,,,,,,,,,,,,https://cdn.shopify.com/s/files/1/0781/6963/7052/files/s-l1600_0f7fcb8a-384a-486c-bcf4-65652b476260.jpg?v=1782675678,53,"",,,,,,,,
apple-iphone-13-mini-128gb-256gb-hk-version-unlocked-grade-a-excellent,,,,,,,,,,,,,,,,,,,,,,,,,,,,,,,https://cdn.shopify.com/s/files/1/0781/6963/7052/files/s-l1600_9ecabb9d-ee0f-4270-b7da-24b4829e70ba.jpg?v=1782675678,54,"",,,,,,,,
apple-iphone-13-mini-128gb-256gb-hk-version-unlocked-grade-a-excellent,,,,,,,,,,,,,,,,,,,,,,,,,,,,,,,https://cdn.shopify.com/s/files/1/0781/6963/7052/files/s-l1600_8fe004d0-69c4-4d0f-94b1-8a6b5b6a52c6.jpg?v=1782675679,55,"",,,,,,,,
apple-iphone-13-mini-128gb-256gb-hk-version-unlocked-grade-a-excellent,,,,,,,,,,,,,,,,,,,,,,,,,,,,,,,https://cdn.shopify.com/s/files/1/0781/6963/7052/files/s-l1600_18f5f8ac-2a60-431d-bb2f-e957141d547e.jpg?v=1782675679,56,"",,,,,,,,
apple-iphone-13-mini-128gb-256gb-hk-version-unlocked-grade-a-excellent,,,,,,,,,,,,,,,,,,,,,,,,,,,,,,,https://cdn.shopify.com/s/files/1/0781/6963/7052/files/s-l1600_24ef45c8-d259-4edf-ab28-ee5bcf6cb025.jpg?v=1782675678,57,"",,,,,,,,
apple-iphone-13-mini-128gb-256gb-hk-version-unlocked-grade-a-excellent,,,,,,,,,,,,,,,,,,,,,,,,,,,,,,,https://cdn.shopify.com/s/files/1/0781/6963/7052/files/s-l1600_b8514801-54b5-4532-bf0b-abc085de5f17.jpg?v=1782675679,58,"",,,,,,,,
apple-iphone-13-mini-hk-version-unlocked-grade-a,"Apple iPhone 13 Mini - HK Version, Unlocked (Grade A)","Apple iPhone 13 Mini (HK Version), unlocked, Grade A excellent condition. Available in 128GB and 256GB across six colours.",Kasidrop,,Smartphones,"apple, iphone, smartphone, tech gadgets, trending, unlocked",true,Color,Midnight,,Storage,128 GB,,,,,,0.0,shopify,deny,manual,5908.40,,true,true,,,,,,https://cdn.shopify.com/s/files/1/0781/6963/7052/files/apple-iphone-13-mini-128gb-256_0.jpg?v=1782681153,1,iPhone 13 Mini,false,,,,kg,,,active
apple-iphone-13-mini-hk-version-unlocked-grade-a,,,,,,,,,Midnight,,,256 GB,,,,,,0.0,shopify,deny,manual,6500.00,,true,true,,,,,,https://cdn.shopify.com/s/files/1/0781/6963/7052/files/apple-iphone-13-mini-128gb-256_1.jpg?v=1782681153,2,iPhone 13 Mini back,,,,,kg,,,
apple-iphone-13-mini-hk-version-unlocked-grade-a,,,,,,,,,Starlight,,,128 GB,,,,,,0.0,shopify,deny,manual,5908.40,,true,true,,,,,,https://cdn.shopify.com/s/files/1/0781/6963/7052/files/apple-iphone-13-mini-128gb-256_2.jpg?v=1782681153,3,iPhone 13 Mini colours,,,,,kg,,,
apple-iphone-13-mini-hk-version-unlocked-grade-a,,,,,,,,,Starlight,,,256 GB,,,,,,0.0,shopify,deny,manual,6500.00,,true,true,,,,,,https://cdn.shopify.com/s/files/1/0781/6963/7052/files/apple-iphone-13-mini-128gb-256_3.jpg?v=1782681153,4,iPhone 13 Mini side,,,,,kg,,,
apple-iphone-13-mini-hk-version-unlocked-grade-a,,,,,,,,,Red,,,128 GB,,,,,,0.0,shopify,deny,manual,5908.40,,true,true,,,,,,,,,,,,,kg,,,
apple-iphone-13-mini-hk-version-unlocked-grade-a,,,,,,,,,Red,,,256 GB,,,,,,0.0,shopify,deny,manual,6500.00,,true,true,,,,,,,,,,,,,kg,,,
apple-iphone-13-mini-hk-version-unlocked-grade-a,,,,,,,,,Blue,,,128 GB,,,,,,0.0,shopify,deny,manual,5908.40,,true,true,,,,,,,,,,,,,kg,,,
apple-iphone-13-mini-hk-version-unlocked-grade-a,,,,,,,,,Blue,,,256 GB,,,,,,0.0,shopify,deny,manual,6500.00,,true,true,,,,,,,,,,,,,kg,,,
apple-iphone-13-mini-hk-version-unlocked-grade-a,,,,,,,,,Pink,,,128 GB,,,,,,0.0,shopify,deny,manual,5908.40,,true,true,,,,,,,,,,,,,kg,,,
apple-iphone-13-mini-hk-version-unlocked-grade-a,,,,,,,,,Pink,,,256 GB,,,,,,0.0,shopify,deny,manual,6500.00,,true,true,,,,,,,,,,,,,kg,,,
apple-iphone-13-mini-hk-version-unlocked-grade-a,,,,,,,,,Green,,,128 GB,,,,,,0.0,shopify,deny,manual,5908.40,,true,true,,,,,,,,,,,,,kg,,,
apple-iphone-13-mini-hk-version-unlocked-grade-a,,,,,,,,,Green,,,256 GB,,,,,,0.0,shopify,deny,manual,6500.00,,true,true,,,,,,,,,,,,,kg,,,
dell-latitude-3390-2-in-1-i5-8gb-ram-128gb-ssd-touchscreen-win-11-pro,Dell Latitude 3390 2-in-1 i5 8GB RAM 128GB SSD TOUCHSCREEN Win 11 Pro,"<div class=""item-specifics""><div class=""specs-grid"">
<div class=""spec-pair"">
<div class=""spec-name"">Processor</div>
<div class=""spec-value"">Intel Core i5-8350U</div>
</div>
<div class=""spec-pair"">
<div class=""spec-name"">Screen Size</div>
<div class=""spec-value"">13.3 in</div>
</div>
<div class=""spec-pair"">
<div class=""spec-name"">Graphics Processing Type</div>
<div class=""spec-value"">Integrated/On-Board Graphics</div>
</div>
<div class=""spec-pair"">
<div class=""spec-name"">RAM Size</div>
<div class=""spec-value"">8 GB</div>
</div>
<div class=""spec-pair"">
<div class=""spec-name"">Most Suitable For</div>
<div class=""spec-value"">Casual Computing</div>
</div>
<div class=""spec-pair"">
<div class=""spec-name"">SSD Capacity</div>
<div class=""spec-value"">128 GB</div>
</div>
<div class=""spec-pair"">
<div class=""spec-name"">GPU</div>
<div class=""spec-value"">Intel UHD Graphics 620</div>
</div>
<div class=""spec-pair"">
<div class=""spec-name"">Processor Speed</div>
<div class=""spec-value"">1.60 GHz</div>
</div>
<div class=""spec-pair"">
<div class=""spec-name"">Colour</div>
<div class=""spec-value"">Black</div>
</div>
<div class=""spec-pair"">
<div class=""spec-name"">Brand</div>
<div class=""spec-value"">Dell</div>
</div>
<div class=""spec-pair"">
<div class=""spec-name"">Series</div>
<div class=""spec-value"">Latitude</div>
</div>
<div class=""spec-pair"">
<div class=""spec-name"">Type</div>
<div class=""spec-value"">Notebook/Laptop</div>
</div>
<div class=""spec-pair"">
<div class=""spec-name"">Maximum Resolution</div>
<div class=""spec-value"">1920 x 1080</div>
</div>
<div class=""spec-pair"">
<div class=""spec-name"">Model</div>
<div class=""spec-value"">Dell 3390</div>
</div>
<div class=""spec-pair"">
<div class=""spec-name"">Operating System</div>
<div class=""spec-value"">Windows 11 Pro</div>
</div>
<div class=""spec-pair"">
<div class=""spec-name"">Hard Drive Capacity</div>
<div class=""spec-value"">128 GB</div>
</div>
<div class=""spec-pair"">
<div class=""spec-name"">Features</div>
<div class=""spec-value"">Touchscreen</div>
</div>
<div class=""spec-pair"">
<div class=""spec-name"">Storage Type</div>
<div class=""spec-value"">SSD (Solid State Drive)</div>
</div>
<div class=""spec-pair"">
<div class=""spec-name"">Country of Origin</div>
<div class=""spec-value"">China</div>
</div>
</div></div><div class=""item-description""><div class=""description-text"">
<h2 data-section-id=""k3kg08"" data-start=""113"" data-end=""174""><span role=""text""><strong data-start=""116"" data-end=""172""><font face=""Arial"" size=""4"">Dell Latitude 3390 2-in-1 – 13.3"" Touchscreen Laptop</font></strong></span></h2>
<p data-start=""175"" data-end=""259""><strong data-start=""175"" data-end=""259""><font face=""Arial"" size=""4"">Intel Core i5-8250U | 8GB RAM | 128GB SSD | Windows 11 Pro | Convertible</font></strong></p>
<hr data-start=""261"" data-end=""264"">
<h3 data-section-id=""123dhl7"" data-start=""266"" data-end=""295""><span role=""text""><strong data-start=""270"" data-end=""293""><font face=""Arial"" size=""4"">Product Description</font></strong></span></h3>
<p data-start=""296"" data-end=""541""><font face=""Arial"" size=""4"">The Dell Latitude 3390 2-in-1 is a versatile business-class laptop designed for flexibility and performance. Featuring a 360° hinge, it can be used as a laptop, tablet, or in presentation modes, making it ideal for work, study, and everyday use.</font></p>
<p data-start=""543"" data-end=""742""><font face=""Arial"" size=""4"">Powered by an Intel Core i5 processor and 8GB RAM, it delivers smooth performance for multitasking, web browsing, and office applications. The responsive touchscreen adds convenience and ease of use.</font></p>
<p data-start=""744"" data-end=""907""><font face=""Arial"" size=""4"">This refurbished unit has been fully tested, professionally cleaned, and is supplied with Windows 11 Pro pre-installed. It is ready to use straight out of the box.</font></p>
<hr data-start=""909"" data-end=""912"">
<h3 data-section-id=""vbejj"" data-start=""914"" data-end=""942""><span role=""text""><strong data-start=""918"" data-end=""940""><font face=""Arial"" size=""4"">Key Specifications</font></strong></span></h3>
<ul data-start=""943"" data-end=""1406"">
<li data-section-id=""jt2cnh"" data-start=""943"" data-end=""1017""><font face=""Arial"" size=""4"">Processor: Intel Core i5-8250U (8th Gen Quad Core, up to 3.4GHz Turbo)</font></li>
<li data-section-id=""9mjt9y"" data-start=""1018"" data-end=""1042""><font face=""Arial"" size=""4"">Memory: 8GB DDR4 RAM</font></li>
<li data-section-id=""kx39ew"" data-start=""1043"" data-end=""1083""><font face=""Arial"" size=""4"">Storage: Choice of 128GB SSD</font></li>
<li data-section-id=""4ct521"" data-start=""1084"" data-end=""1136""><font face=""Arial"" size=""4"">Display: 13.3"" Full HD (1920 x 1080) Touchscreen</font></li>
<li data-section-id=""10fg0th"" data-start=""1137"" data-end=""1173""><font face=""Arial"" size=""4"">Graphics: Intel UHD Graphics 620</font></li>
<li data-section-id=""1tbkezo"" data-start=""1174"" data-end=""1222""><font face=""Arial"" size=""4"">Operating System: Windows 11 Pro (Activated)</font></li>
<li data-section-id=""153i0wn"" data-start=""1223"" data-end=""1284""><font face=""Arial"" size=""4"">Design: 2-in-1 Convertible (Laptop / Tablet / Tent modes)</font></li>
<li data-section-id=""xvk4ie"" data-start=""1285"" data-end=""1341""><font face=""Arial"" size=""4"">Connectivity: Wi-Fi, Bluetooth, USB 3.0, USB-C, HDMI</font></li>
<li data-section-id=""1gs5gk3"" data-start=""1342"" data-end=""1406""><font face=""Arial"" size=""4"">Camera &amp; Audio: HD Webcam, Dual Microphones, Stereo Speakers</font></li>
</ul>
<hr data-start=""1408"" data-end=""1411"">
<h3 data-section-id=""1pq28pv"" data-start=""1413"" data-end=""1442""><span role=""text""><strong data-start=""1417"" data-end=""1440""><font face=""Arial"" size=""4"">Condition &amp; Grading</font></strong></span></h3>
<p data-start=""1443"" data-end=""1473""><b><font face=""Arial"" size=""4"">Grade: 'Excellent' Refurbished</font></b></p>
<p data-start=""1475"" data-end=""1576""><font face=""Arial"" size=""4"">We carefully grade all our refurbished laptops to give a clear and accurate description of condition:</font></p>
<ul data-start=""1578"" data-end=""2144"">
<li data-section-id=""1s8kzsz"" data-start=""1578"" data-end=""1718""><font face=""Arial"" size=""4"">Excellent: Minimal cosmetic wear. May have very small marks only visible on close inspection. Fully tested and in perfect working order.</font></li>
<li data-section-id=""407fem"" data-start=""1719"" data-end=""1862""><font face=""Arial"" size=""4"">Very Good: Light signs of use such as minor scratches or a small dent. Fully functional and tested to the same standard as Excellent grade.</font></li>
<li data-section-id=""gff4d4"" data-start=""1863"" data-end=""2029""><font face=""Arial"" size=""4"">Good: Noticeable signs of use such as scratches, marks, or minor casing wear. May include small screen blemishes or missing rubber feet. Fully tested and working.</font></li>
<li data-section-id=""bs4fqq"" data-start=""2030"" data-end=""2144""><font face=""Arial"" size=""4"">Used: Heavier cosmetic wear. Fully functional and tested, ideal for buyers prioritising value over appearance.</font></li>
</ul>
<hr data-start=""2146"" data-end=""2149"">
<h3 data-section-id=""h7d48u"" data-start=""2151"" data-end=""2176""><span role=""text""><strong data-start=""2155"" data-end=""2174""><font face=""Arial"" size=""4"">What’s Included</font></strong></span></h3>
<ul data-start=""2177"" data-end=""2274"">
<li data-section-id=""ru9vhe"" data-start=""2177"" data-end=""2213""><font face=""Arial"" size=""4"">Dell Latitude 3390 2-in-1 Laptop</font></li>
<li data-section-id=""tjyqd9"" data-start=""2214"" data-end=""2241""><font face=""Arial"" size=""4"">Charger and Power Cable</font></li>
<li data-section-id=""1jm41jk"" data-start=""2242"" data-end=""2274""><font face=""Arial"" size=""4"">Windows 11 Pro Pre-installed</font></li>
</ul>
<hr data-start=""2276"" data-end=""2279"">
<h3 data-section-id=""1rc6u19"" data-start=""2281"" data-end=""2309""><span role=""text""><strong data-start=""2285"" data-end=""2307""><font face=""Arial"" size=""4"">Warranty &amp; Returns</font></strong></span></h3>
<ul data-start=""2310"" data-end=""2441"">
<li data-section-id=""1ilmumo"" data-start=""2310"" data-end=""2348""><font face=""Arial"" size=""4"">Laptop: 12-Month Hardware Warranty</font></li>
<li data-section-id=""7x9g5j"" data-start=""2349"" data-end=""2378""><font face=""Arial"" size=""4"">Battery: 1-Month Warranty (Not guaranteed for any length of use)</font></li>
<li data-section-id=""et4o94"" data-start=""2379"" data-end=""2441""><font face=""Arial"" size=""4"">Returns: 30-Day Return Policy (buyer pays return shipping)</font></li>
</ul>
<hr data-start=""2443"" data-end=""2446"">
<h3 data-section-id=""1xi27dt"" data-start=""2448"" data-end=""2474""><span role=""text""><strong data-start=""2452"" data-end=""2472""><font face=""Arial"" size=""4"">Why Buy From Us?</font></strong></span></h3>
<ul data-start=""2475"" data-end=""2714"">
<li data-section-id=""1d0aotj"" data-start=""2475"" data-end=""2522""><font face=""Arial"" size=""4"">Professionally refurbished and fully tested</font></li>
<li data-section-id=""upa4ko"" data-start=""2523"" data-end=""2584""><font face=""Arial"" size=""4"">Business-grade laptops built for durability and long life</font></li>
<li data-section-id=""fo3xg3"" data-start=""2585"" data-end=""2621""><font face=""Arial"" size=""4"">VAT invoice available on request</font></li>
<li data-section-id=""z3xlpt"" data-start=""2622"" data-end=""2679""><font face=""Arial"" size=""4"">Fast dispatch across Northern Ireland and UK mainland</font></li>
<li data-section-id=""11bfyq1"" data-start=""2680"" data-end=""2714""><font face=""Arial"" size=""4"">Established and trusted seller</font></li>
</ul>
</div></div><style>
  .item-specifics, .item-description {font-family: Arial, sans-serif; font-size: 14px; margin-top: 16px;}
  .title {font-size: 16px; font-weight: bold; margin: 0 0 8px 0;}
  .specs-grid {display: grid; grid-template-columns: repeat(2, 1fr); gap: 12px 24px;}
  .spec-pair {display: grid; grid-template-columns: 120px 1fr; gap: 8px;}
  .spec-name {font-weight: bold; color: #111;}
  .spec-value {color: #333;}
  .description-text {margin-top: 8px; line-height: 1.4; color: #333;}
</style>
",nexus-dynamics-platform-eg4e6,,"","",true,Title,Default Title,,,,,,,,v1|227346351109|0,0.0,shopify,continue,manual,3019.70,3019.70,true,true,,,,,,https://cdn.shopify.com/s/files/1/0781/6963/7052/files/s-l1600_d4b5784d-f1d9-4aa3-b236-0989bda09b9e.jpg?v=1782675603,1,"",false,,,https://cdn.shopify.com/s/files/1/0781/6963/7052/files/s-l1600_d4b5784d-f1d9-4aa3-b236-0989bda09b9e.jpg?v=1782675603,kg,,3019.70,active
dell-latitude-3390-2-in-1-i5-8gb-ram-128gb-ssd-touchscreen-win-11-pro,,,,,,,,,,,,,,,,,,,,,,,,,,,,,,,https://cdn.shopify.com/s/files/1/0781/6963/7052/files/s-l1600_10f42ff6-2092-477e-be47-ccb3503cf267.jpg?v=1782675603,2,"",,,,,,,,
dell-latitude-3390-2-in-1-i5-8gb-ram-128gb-ssd-touchscreen-win-11-pro,,,,,,,,,,,,,,,,,,,,,,,,,,,,,,,https://cdn.shopify.com/s/files/1/0781/6963/7052/files/s-l1600_f1c9c1bc-2809-4f1a-9cde-73231f7c2cb3.jpg?v=1782675603,3,"",,,,,,,,
dell-latitude-3390-2-in-1-i5-8gb-ram-128gb-ssd-touchscreen-win-11-pro,,,,,,,,,,,,,,,,,,,,,,,,,,,,,,,https://cdn.shopify.com/s/files/1/0781/6963/7052/files/s-l1600_ecb1ed00-c48a-450d-980e-701c9c9a62e4.jpg?v=1782675603,4,"",,,,,,,,
dell-latitude-3390-2-in-1-i5-8gb-ram-128gb-ssd-touchscreen-win-11-pro,,,,,,,,,,,,,,,,,,,,,,,,,,,,,,,https://cdn.shopify.com/s/files/1/0781/6963/7052/files/s-l1600_47d98279-cb84-4e47-9f55-827c619482b1.jpg?v=1782675603,5,"",,,,,,,,
dell-latitude-3390-2-in-1-i5-8gb-ram-128gb-ssd-touchscreen-win-11-pro,,,,,,,,,,,,,,,,,,,,,,,,,,,,,,,https://cdn.shopify.com/s/files/1/0781/6963/7052/files/s-l1600_25ea13a4-c890-4d5f-a610-c19307e6d25a.jpg?v=1782675603,6,"",,,,,,,,
dell-latitude-3390-2-in-1-i5-8gb-ram-128gb-ssd-touchscreen-win-11-pro,,,,,,,,,,,,,,,,,,,,,,,,,,,,,,,https://cdn.shopify.com/s/files/1/0781/6963/7052/files/s-l1600_eceb020f-15b5-4d2e-8b57-87bb6e3c0d29.jpg?v=1782675603,7,"",,,,,,,,
dell-latitude-3390-2-in-1-i5-8gb-ram-128gb-ssd-touchscreen-win-11-pro,,,,,,,,,,,,,,,,,,,,,,,,,,,,,,,https://cdn.shopify.com/s/files/1/0781/6963/7052/files/s-l1600_2c8a099d-60ac-4bb8-8376-badaa66e5907.jpg?v=1782675602,8,"",,,,,,,,
dell-latitude-3390-2-in-1-touchscreen-laptop-i5-8gb-128gb-ssd-win-11-pro,"Dell Latitude 3390 2-in-1 Touchscreen Laptop - i5, 8GB, 128GB SSD, Win 11 Pro","Dell Latitude 3390 2-in-1 convertible laptop. Intel i5, 8GB RAM, 128GB SSD, touchscreen, Windows 11 Pro. Compact, business-grade machine.",Kasidrop,,Laptops,"2-in-1, dell, laptop, tech gadgets, touchscreen, trending",true,Title,Default Title,,,,,,,,DELL-LAT3390-i5,0.0,shopify,deny,manual,3019.70,,true,true,,,,,,https://cdn.shopify.com/s/files/1/0781/6963/7052/files/dell-latitude-3390-2-in-1-i5-8_0.jpg?v=1782681174,1,Dell Latitude 3390,false,,,,kg,,,active
dell-latitude-3390-2-in-1-touchscreen-laptop-i5-8gb-128gb-ssd-win-11-pro,,,,,,,,,,,,,,,,,,,,,,,,,,,,,,,https://cdn.shopify.com/s/files/1/0781/6963/7052/files/dell-latitude-3390-2-in-1-i5-8_1.jpg?v=1782681174,2,Dell Latitude side,,,,,,,,
dell-latitude-3390-2-in-1-touchscreen-laptop-i5-8gb-128gb-ssd-win-11-pro,,,,,,,,,,,,,,,,,,,,,,,,,,,,,,,https://cdn.shopify.com/s/files/1/0781/6963/7052/files/dell-latitude-3390-2-in-1-i5-8_2.jpg?v=1782681174,3,Dell Latitude tent mode,,,,,,,,
dell-latitude-3390-2-in-1-touchscreen-laptop-i5-8gb-128gb-ssd-win-11-pro,,,,,,,,,,,,,,,,,,,,,,,,,,,,,,,https://cdn.shopify.com/s/files/1/0781/6963/7052/files/dell-latitude-3390-2-in-1-i5-8_3.jpg?v=1782681174,4,Dell Latitude keyboard,,,,,,,,
dell-mini-desktop-pc-computer-i5-6th-16gb-ram-256gb-ssd-windows-11-wifi-bt,"DELL Mini Desktop PC Computer i5 6TH,  16GB RAM 256GB SSD,Windows 11, WiFi BT","<div class=""item-specifics""><div class=""specs-grid"">
<div class=""spec-pair"">
<div class=""spec-name"">Processor</div>
<div class=""spec-value"">Intel Core i5 6th Gen.</div>
</div>
<div class=""spec-pair"">
<div class=""spec-name"">Graphics Processing Type</div>
<div class=""spec-value"">Integrated/On-Board Graphics</div>
</div>
<div class=""spec-pair"">
<div class=""spec-name"">RAM Size</div>
<div class=""spec-value"">16 GB</div>
</div>
<div class=""spec-pair"">
<div class=""spec-name"">Color</div>
<div class=""spec-value"">Black</div>
</div>
<div class=""spec-pair"">
<div class=""spec-name"">SSD Capacity</div>
<div class=""spec-value"">256 GB</div>
</div>
<div class=""spec-pair"">
<div class=""spec-name"">Most Suitable For</div>
<div class=""spec-value"">Office, Casual Computing</div>
</div>
<div class=""spec-pair"">
<div class=""spec-name"">GPU</div>
<div class=""spec-value"">Integrated/On-Board Graphics</div>
</div>
<div class=""spec-pair"">
<div class=""spec-name"">Processor Speed</div>
<div class=""spec-value"">3.10 GHz</div>
</div>
<div class=""spec-pair"">
<div class=""spec-name"">Brand</div>
<div class=""spec-value"">Dell</div>
</div>
<div class=""spec-pair"">
<div class=""spec-name"">Series</div>
<div class=""spec-value"">Dell Optiplex</div>
</div>
<div class=""spec-pair"">
<div class=""spec-name"">Form Factor</div>
<div class=""spec-value"">Mini Desktop</div>
</div>
<div class=""spec-pair"">
<div class=""spec-name"">Type</div>
<div class=""spec-value"">Desktop</div>
</div>
<div class=""spec-pair"">
<div class=""spec-name"">Maximum RAM Capacity</div>
<div class=""spec-value"">16 GB</div>
</div>
<div class=""spec-pair"">
<div class=""spec-name"">Model</div>
<div class=""spec-value"">Dell Optiplex</div>
</div>
<div class=""spec-pair"">
<div class=""spec-name"">Connectivity</div>
<div class=""spec-value"">HDMI, USB 3.0, DisplayPort</div>
</div>
<div class=""spec-pair"">
<div class=""spec-name"">Features</div>
<div class=""spec-value"">Built-in Bluetooth Adapter, Built-in Speakers, Ultra-Slim, Built-in Wi-Fi Adapter</div>
</div>
<div class=""spec-pair"">
<div class=""spec-name"">Operating System</div>
<div class=""spec-value"">Windows 11 Pro</div>
</div>
<div class=""spec-pair"">
<div class=""spec-name"">Hard Drive Capacity</div>
<div class=""spec-value"">256 GB</div>
</div>
<div class=""spec-pair"">
<div class=""spec-name"">Storage Type</div>
<div class=""spec-value"">SSD (Solid State Drive)</div>
</div>
</div></div><div class=""item-description""><div class=""description-text"">
<meta name=""cl-template-id"" content=""8881368"">
<meta name=""viewport"" content=""width=device-width, initial-scale=1, user-scalable=no"">
<link rel=""stylesheet"" href=""https://crazylister.com/listing-assets/styles-1.07.css?uniqueHash=29501ca020aa658acec6bf0774ac556f&amp;mobileOptimized=true&amp;ste=true"">
<link rel=""stylesheet"" href=""https://fonts.googleapis.com/css?family=Open%20Sans"">
<link rel=""stylesheet"" href=""https://netdna.bootstrapcdn.com/font-awesome/4.1.0/css/font-awesome.min.css"">
<link rel=""stylesheet"" href=""https://templates-css.crazylister.com/8881368/9e_mLF23.hGjL0ni1PsKRjhGMI6f0chH.css"">
<div>
<div id=""desktop-renderer""><div id=""desktop-wrapper"">
<div style=""position:absolute;top:0;left:0;box-sizing:border-box;-webkit-box-sizing:border-box;height:100%;width:100%;background-color:rgba(255, 255, 255, 1);border:;box-shadow:;z-index:-1100;background-image:none, none"" data-element-type=""editor.elements.BackgroundElement""></div>
<div id=""desktop-view"">
<div style=""position:absolute;top:0;left:0;box-sizing:border-box;-webkit-box-sizing:border-box;height:100%;width:100%;background-color:rgb(255, 255, 255);background-image:[object Object];font-family:Arial;z-index:-1000;border-width:0;border-style:none;border-color:#cdcccb;box-shadow:rgba(0, 0, 0, 0.247059) 0px 0px 8px;border-radius:5px"" data-element-type=""editor.elements.PageElement""></div>
<div style=""width:100%;min-height:2174px;position:relative;display:flex;align-items:flex-start"">
<div id=""elementrkvj9_7"" data-element-type=""editor.elements.ImageElement""><img src=""https://clsqfiqt.a2hosted.com/1.png"" width=""100%"" height=""100%"" title="""" style=""border:0""></div>
<div id=""elementrkvj9_10"" data-element-type=""editor.elements.ImageElement""><img src=""https://clsqfiqt.a2hosted.com/2-a.png"" width=""100%"" height=""100%"" title="""" style=""border:0""></div>
<div id=""elementrkvj9_9"" data-element-type=""editor.elements.ImageElement""><img src=""https://clsqfiqt.a2hosted.com/3-b.png"" width=""100%"" height=""100%"" title="""" style=""border:0""></div>
<div id=""elementrkvj9_12"" data-element-type=""editor.elements.ImageElement""><img src=""https://clsqfiqt.a2hosted.com/4.png"" width=""100%"" height=""100%"" title="""" style=""border:0""></div>
<div id=""elementrkvj9_15"" data-element-type=""editor.elements.ImageElement""><img src=""https://clsqfiqt.a2hosted.com/5.png"" width=""100%"" height=""100%"" title="""" style=""border:0""></div>
</div>
</div>
</div></div>
<div vocab=""https://schema.org/"" typeof=""Product"" id=""mobile-description""><span property=""description"">[ Created with Eselt - eBay Listing Design Editor] (https://www.ebay.com/itm/255210536494)  ENHANCE YOUR COMPUTING ON A BUDGET.  [ Send us a message ] (https://www.ebay.com/contact/sendmsg?&amp;amp;recipient=kenji2007)  [ Created with Eselt - eBay Listing Design Editor] (https://www.ebay.com/itm/255210536494)  --- [ Our Store ] (https://www.ebay.com/usr/kenji2007)  --- [ Seller Profile ] (https://www.ebay.com/usr/kenji2007)  --- [ Feedback ] (https://www.ebay.com/usr/kenji2007#tab2)  --- [ About us ] (https://www.ebay.com/usr/kenji2007#tab1)  --- [ Contact ] (https://www.ebay.com/contact/sendmsg?&amp;amp;recipient=kenji2007)  [ Created with Eselt - eBay Listing Design Editor] (https://www.ebay.com/itm/255210536494)  Condition: ---NEW CONDITION, OPEN BOX. [ Created with Eselt - eBay Listing Design Editor] (https://www.ebay.com/itm/255210536494)  Payment  Shipping  Orders are shipped Monday through Saturday. If you live in Alaska, Hawaii, Puerto Rico or any US Territory, please email us for shipping quote. Shipping is not always free to these locations. We are offering international shipping via eBay's Global Shipping Program The buyer can eBay message us for an international shipping quote. Returns  Returns: Returns are accepted for &amp;ldquo;ITEMS NOT AS DESCRIBED&amp;rdquo; Within 30 days of receipt. Customer Satisfaction is very important as well as &amp;ldquo;Positive Feedback&amp;rdquo;. If you receive an item that is not &amp;ldquo;As Described&amp;rdquo; please contact me immediately so that I may address the situation ASAP. 30 day money back guarantee if the product is received not as described. Feedback  Please let us know if you have a problem with your order/item before leaving negative feedback. 100% Customer satisfaction is our #1 Goal. If you are satisfied with your purchase, please leave positive feedback. [ Created with Eselt - eBay Listing Design Editor] (https://www.ebay.com/itm/255210536494)  Links  --- [ Our Store ] (https://www.ebay.com/usr/kenji2007)  --- [ Seller Profile ] (https://www.ebay.com/usr/kenji2007)  --- [ Feedback ] (https://www.ebay.com/usr/kenji2007#tab2)  --- [ About us ] (https://www.ebay.com/usr/kenji2007#tab1)  --- [ Contact ] (https://www.ebay.com/contact/sendmsg?&amp;amp;recipient=kenji2007)  More items  Are you looking for something similar? See our other items! [ Show more items ] (https://www.ebay.com/sch/i.html?_ssn=kenji2007)  Contact  [ Send us a message  ] (https://www.ebay.com/contact/sendmsg?&amp;amp;recipient=kenji2007)  </span></div>
<div id=""mobile-renderer""><div id=""mobile-view"">
<div style=""position:absolute;top:0;left:0;box-sizing:border-box;-webkit-box-sizing:border-box;height:100%;width:100%;background-color:rgb(255, 255, 255);background-image:[object Object];z-index:-1000"" data-element-type=""editor.elements.PageElement""></div>
<div style=""width:100%;min-height:756px;position:relative;display:flex;align-items:flex-start"">
<div id=""mobile_elementrkvj9_7"" data-element-type=""editor.elements.ImageElement""><img src=""https://resized-images.crazylister.com/68747470733a2f2f696d672e6372617a796c69737465722e636f6d2f3232343738342f696d616765732f496d6167655f32303234303631363232323132322831292e706e673f76657273696f6e49643d70474c63452e7247495f2e3136446668306d4c57464f693469334a4e394c5653/auto/204.png"" width=""100%"" height=""100%"" title="""" style=""border:0""></div>
<div id=""mobile_elementrkvj9_10"" data-element-type=""editor.elements.ImageElement""><img src=""https://resized-images.crazylister.com/68747470733a2f2f696d672e6372617a796c69737465722e636f6d2f3232343738342f696d616765732f4b657925323046656174757265735f2e626d703f76657273696f6e49643d6d77377839317845724838743778466f49433933525a39734474375f58674b52/auto/603.bmp"" width=""100%"" height=""100%"" title="""" style=""border:0""></div>
<div id=""mobile_elementrkvj9_9"" data-element-type=""editor.elements.ImageElement""><img src=""https://resized-images.crazylister.com/68747470733a2f2f696d672e6372617a796c69737465722e636f6d2f3232343738342f696d616765732f312d322e626d703f76657273696f6e49643d6f6e637a7449554a4a5a49305f3343505a6a794c704c796a497a6856596b6a4b/auto/348.bmp"" width=""100%"" height=""100%"" title="""" style=""border:0""></div>
<div id=""mobile_elementrkvj9_12"" data-element-type=""editor.elements.ImageElement""><img src=""https://resized-images.crazylister.com/68747470733a2f2f696d672e6372617a796c69737465722e636f6d2f3232343738342f696d616765732f53616d652532306461792532307368697070696e672e626d703f76657273696f6e49643d31386a715674545743505a6645326367317232525533775978775170524c7632/auto/291.bmp"" width=""100%"" height=""100%"" title="""" style=""border:0""></div>
<div id=""mobile_elementrkvj9_15"" data-element-type=""editor.elements.ImageElement""><img src=""https://resized-images.crazylister.com/68747470733a2f2f696d672e6372617a796c69737465722e636f6d2f3232343738342f696d616765732f312d352832292e626d703f76657273696f6e49643d52376b7743576d6d48536d524d717753736162634a6f78743546567374464a35/auto/672.bmp"" width=""100%"" height=""100%"" title="""" style=""border:0""></div>
</div>
</div></div>
<a id=""footer-link"" href=""https://cgi6.ebay.com/ws/eBayISAPI.dll?SolutionsDirectory&amp;page=details&amp;solutionId=24825"" style=""display:none"" data-exclude-css-removal=""true"" target=""_blank""></a>
</div>
<div id=""cl-raw-description"" data-exclude-css-removal=""true"" style=""display: none;""><div>
<div><div><div>
<div><a href=""https://www.ebay.com/itm/255210536494"" target=""_blank""> Created with <strong> Eselt </strong> - eBay Listing Design Editor</a></div>
<div>
<div><div> ENHANCE YOUR COMPUTING ON A BUDGET. </div></div>
<div><div><a href=""https://www.ebay.com/contact/sendmsg?&amp;recipient=kenji2007"" target=""_blank""> Send us a message </a></div></div>
</div>
<div><a href=""https://www.ebay.com/itm/255210536494"" target=""_blank""> Created with <strong> Eselt </strong> - eBay Listing Design Editor</a></div>
<div><ul>
<li><a href=""https://www.ebay.com/usr/kenji2007"" target=""_blank""> Our Store </a></li>
<li><a href=""https://www.ebay.com/usr/kenji2007"" target=""_blank""> Seller Profile </a></li>
<li><a href=""https://www.ebay.com/usr/kenji2007#tab2"" target=""_blank""> Feedback </a></li>
<li><a href=""https://www.ebay.com/usr/kenji2007#tab1"" target=""_blank""> About us </a></li>
<li><a href=""https://www.ebay.com/contact/sendmsg?&amp;recipient=kenji2007"" target=""_blank""> Contact </a></li>
</ul></div>
<div><a href=""https://www.ebay.com/itm/255210536494"" target=""_blank""> Created with <strong> Eselt </strong> - eBay Listing Design Editor</a></div>
<div><div><div>
<strong>Condition:</strong><br><ul><li>NEW CONDITION, OPEN BOX.</li></ul>
</div></div></div>
<div><a href=""https://www.ebay.com/itm/255210536494"" target=""_blank""> Created with <strong> Eselt </strong> - eBay Listing Design Editor</a></div>
<div>
<div><div><div> Payment </div></div></div>
<div><div>
<div> Shipping </div>
<div><div>
<p><strong> Orders are shipped Monday through Saturday.</strong></p>
<p><strong>If you live in  Alaska, Hawaii, Puerto Rico or any US Territory, please email us for shipping quote. Shipping is not always free to these locations.</strong></p>
<p><strong>We are offering international shipping via eBay's Global Shipping Program</strong></p>
<p><strong>The buyer can eBay message us for an international shipping quote.</strong></p>
</div></div>
</div></div>
<div><div>
<div> Returns </div>
<div><div>
<div>Returns:</div>
<div>Returns are accepted for ?ITEMS NOT AS DESCRIBED? Within 30 days of receipt. Customer Satisfaction is very important as well as ?Positive Feedback?. If you receive an item that is not ?As Described? please contact me immediately so that I may address the situation ASAP.</div>
<div>30 day money back guarantee if the product is received not as described.</div>
</div></div>
</div></div>
<div><div>
<div> Feedback </div>
<div><div>
<p><strong>Please let us know if you have a problem with your order/item before leaving negative feedback. 100% Customer satisfaction is our #1 Goal.</strong></p>
<p><strong>If you are satisfied with your purchase, please leave positive feedback.</strong></p>
</div></div>
</div></div>
</div>
<div><a href=""https://www.ebay.com/itm/255210536494"" target=""_blank""> Created with <strong> Eselt </strong> - eBay Listing Design Editor</a></div>
<div><div>
<div><div>
<div> Links </div>
<div><div><ul>
<li><a href=""https://www.ebay.com/usr/kenji2007"" target=""_blank""> Our Store </a></li>
<li><a href=""https://www.ebay.com/usr/kenji2007"" target=""_blank""> Seller Profile </a></li>
<li><a href=""https://www.ebay.com/usr/kenji2007#tab2"" target=""_blank""> Feedback </a></li>
<li><a href=""https://www.ebay.com/usr/kenji2007#tab1"" target=""_blank""> About us </a></li>
<li><a href=""https://www.ebay.com/contact/sendmsg?&amp;recipient=kenji2007"" target=""_blank""> Contact </a></li>
</ul></div></div>
</div></div>
<div><div>
<div> More items </div>
<div> Are you looking for something similar? See our other items!<br><a href=""https://www.ebay.com/sch/i.html?_ssn=kenji2007"" target=""_blank""> Show more items </a>
</div>
</div></div>
<div><div>
<div> Contact </div>
<div><a href=""https://www.ebay.com/contact/sendmsg?&amp;recipient=kenji2007"" target=""_blank""> Send us a message <br></a></div>
</div></div>
</div></div>
</div></div></div>
</div></div>
</div></div><style>
  .item-specifics, .item-description {font-family: Arial, sans-serif; font-size: 14px; margin-top: 16px;}
  .title {font-size: 16px; font-weight: bold; margin: 0 0 8px 0;}
  .specs-grid {display: grid; grid-template-columns: repeat(2, 1fr); gap: 12px 24px;}
  .spec-pair {display: grid; grid-template-columns: 120px 1fr; gap: 8px;}
  .spec-name {font-weight: bold; color: #111;}
  .spec-value {color: #333;}
  .description-text {margin-top: 8px; line-height: 1.4; color: #333;}
</style>
",nexus-dynamics-platform-eg4e6,,"","",true,Title,Default Title,,,,,,,,v1|365501951931|0,0.0,shopify,continue,manual,4427.18,4427.18,true,true,,,,,,https://cdn.shopify.com/s/files/1/0781/6963/7052/files/s-l1600_5c121e3e-4a4d-417e-bad6-c8c6614a3d25.jpg?v=1782675343,1,"",false,,,https://cdn.shopify.com/s/files/1/0781/6963/7052/files/s-l1600_5c121e3e-4a4d-417e-bad6-c8c6614a3d25.jpg?v=1782675343,kg,,4427.18,active
dell-mini-desktop-pc-computer-i5-6th-16gb-ram-256gb-ssd-windows-11-wifi-bt,,,,,,,,,,,,,,,,,,,,,,,,,,,,,,,https://cdn.shopify.com/s/files/1/0781/6963/7052/files/s-l1600_ebac8a04-560a-46cd-9a7c-18b8e8f22107.jpg?v=1782675343,2,"",,,,,,,,
dell-mini-desktop-pc-computer-i5-6th-16gb-ram-256gb-ssd-windows-11-wifi-bt,,,,,,,,,,,,,,,,,,,,,,,,,,,,,,,https://cdn.shopify.com/s/files/1/0781/6963/7052/files/s-l1600_5b78e354-9cd1-4b20-9e11-2771364bbda8.jpg?v=1782675343,3,"",,,,,,,,
dell-mini-desktop-pc-computer-i5-6th-16gb-ram-256gb-ssd-windows-11-wifi-bt,,,,,,,,,,,,,,,,,,,,,,,,,,,,,,,https://cdn.shopify.com/s/files/1/0781/6963/7052/files/s-l1600_9be268a3-3088-4386-b1af-ffed6b291223.jpg?v=1782675343,4,"",,,,,,,,
dell-mini-desktop-pc-i5-6th-gen-16gb-ram-256gb-ssd-windows-11,"Dell Mini Desktop PC - i5 6th Gen, 16GB RAM, 256GB SSD, Windows 11","Dell Mini Desktop PC. Intel i5 6th gen, 16GB RAM, 256GB SSD, Windows 11, WiFi and Bluetooth. Compact workstation for home or office.",Kasidrop,,Desktops,"dell, desktop, mini pc, tech gadgets, trending",true,Title,Default Title,,,,,,,,DELL-MINI-i5-16-256,0.0,shopify,deny,manual,4427.18,,true,true,,,,,,https://cdn.shopify.com/s/files/1/0781/6963/7052/files/dell-mini-desktop-pc-computer-_0.jpg?v=1782681436,1,Dell Mini Desktop,false,,,,kg,,,active
dell-mini-desktop-pc-i5-6th-gen-16gb-ram-256gb-ssd-windows-11,,,,,,,,,,,,,,,,,,,,,,,,,,,,,,,https://cdn.shopify.com/s/files/1/0781/6963/7052/files/dell-mini-desktop-pc-computer-_1.jpg?v=1782681436,2,Dell Mini Desktop ports,,,,,,,,
dell-mini-desktop-pc-i5-6th-gen-16gb-ram-256gb-ssd-windows-11,,,,,,,,,,,,,,,,,,,,,,,,,,,,,,,https://cdn.shopify.com/s/files/1/0781/6963/7052/files/dell-mini-desktop-pc-computer-_2.jpg?v=1782681436,3,Dell Mini Desktop angle,,,,,,,,
dell-mini-desktop-pc-i5-6th-gen-16gb-ram-256gb-ssd-windows-11,,,,,,,,,,,,,,,,,,,,,,,,,,,,,,,https://cdn.shopify.com/s/files/1/0781/6963/7052/files/dell-mini-desktop-pc-computer-_3.jpg?v=1782681436,4,Dell Mini Desktop back,,,,,,,,
sony-playstation-4-pro-console-glacier-white-1tb-japan-hdmi,Sony PlayStation 4 Pro Console - Glacier White 1TB (Japan HDMI),"Sony PlayStation 4 Pro Game Home Console, Glacier White, 1TB HDD. Japan HDMI 2018 model. Excellent condition.",Kasidrop,,Gaming Consoles,"console, gaming, playstation, trending",true,Title,Default Title,,,,,,,,PS4PRO-1TB-WHT,0.0,shopify,deny,manual,3990.88,,true,true,,,,,,https://cdn.shopify.com/s/files/1/0781/6963/7052/files/sony-playstation-r-4-pro-game-_0.jpg?v=1782681091,1,PS4 Pro front,false,,,,kg,,,active
sony-playstation-4-pro-console-glacier-white-1tb-japan-hdmi,,,,,,,,,,,,,,,,,,,,,,,,,,,,,,,https://cdn.shopify.com/s/files/1/0781/6963/7052/files/sony-playstation-r-4-pro-game-_1.jpg?v=1782681091,2,PS4 Pro angle,,,,,,,,
sony-playstation-4-pro-console-glacier-white-1tb-japan-hdmi,,,,,,,,,,,,,,,,,,,,,,,,,,,,,,,https://cdn.shopify.com/s/files/1/0781/6963/7052/files/sony-playstation-r-4-pro-game-_2.jpg?v=1782681091,3,PS4 Pro back,,,,,,,,
sony-playstation-r-4-pro-game-home-console-glacier-white-hdd-1tb-japan-hdmi-2018,Sony PlayStation R 4 Pro Game Home Console Glacier White HDD 1TB Japan HDMI 2018,"<div class=""item-specifics""><div class=""specs-grid"">
<div class=""spec-pair"">
<div class=""spec-name"">Platform</div>
<div class=""spec-value"">Sony PlayStation 4 Pro</div>
</div>
<div class=""spec-pair"">
<div class=""spec-name"">Color</div>
<div class=""spec-value"">White</div>
</div>
<div class=""spec-pair"">
<div class=""spec-name"">UPC</div>
<div class=""spec-value"">4948872414784</div>
</div>
<div class=""spec-pair"">
<div class=""spec-name"">Year Manufactured</div>
<div class=""spec-value"">2018</div>
</div>
<div class=""spec-pair"">
<div class=""spec-name"">MPN</div>
<div class=""spec-value"">CUH7200BB02</div>
</div>
<div class=""spec-pair"">
<div class=""spec-name"">Item Length</div>
<div class=""spec-value"">295mm</div>
</div>
<div class=""spec-pair"">
<div class=""spec-name"">Item Depth</div>
<div class=""spec-value"">327mm</div>
</div>
<div class=""spec-pair"">
<div class=""spec-name"">Brand</div>
<div class=""spec-value"">Sony</div>
</div>
<div class=""spec-pair"">
<div class=""spec-name"">Type</div>
<div class=""spec-value"">Home Console</div>
</div>
<div class=""spec-pair"">
<div class=""spec-name"">Unit Type</div>
<div class=""spec-value"">Unit</div>
</div>
<div class=""spec-pair"">
<div class=""spec-name"">Region Code</div>
<div class=""spec-value"">Region Free</div>
</div>
<div class=""spec-pair"">
<div class=""spec-name"">Item Height</div>
<div class=""spec-value"">55mm</div>
</div>
<div class=""spec-pair"">
<div class=""spec-name"">Model</div>
<div class=""spec-value"">Sony PlayStation 4 Pro</div>
</div>
<div class=""spec-pair"">
<div class=""spec-name"">Connectivity</div>
<div class=""spec-value"">HDMI</div>
</div>
<div class=""spec-pair"">
<div class=""spec-name"">Features</div>
<div class=""spec-value"">Wi-Fi Capability</div>
</div>
<div class=""spec-pair"">
<div class=""spec-name"">Storage Capacity</div>
<div class=""spec-value"">1 TB</div>
</div>
<div class=""spec-pair"">
<div class=""spec-name"">Unit Quantity</div>
<div class=""spec-value"">1</div>
</div>
<div class=""spec-pair"">
<div class=""spec-name"">Item Weight</div>
<div class=""spec-value"">3.2kg</div>
</div>
<div class=""spec-pair"">
<div class=""spec-name"">Resolution</div>
<div class=""spec-value"">4K (UHD)</div>
</div>
</div></div><div class=""item-description""><div class=""description-text"">
<meta charset=""utf-8"">
<meta name=""viewport"" content=""width=device-width, initial-scale=1"">
<link href=""https://fonts.googleapis.com/css?family=Lato:700"" rel=""stylesheet"">
<link href=""https://fonts.googleapis.com/css?family=Open+Sans"" rel=""stylesheet"">
<link rel=""stylesheet"" href=""https://maxcdn.bootstrapcdn.com/font-awesome/4.7.0/css/font-awesome.min.css"">
<style>h1,h2,h3{font-family:'Lato',sans-serif;}p,ul,li,ol,span{font-family:'Open Sans',sans-serif;}h1{padding:1em 1em 0 1em;color:rgb(51,51,51);}h2,h3{padding:0.5em;margin:0 1em 1em;color:rgb(51,51,51);font-size:100%;line-height:1.2;text-align:left;border-bottom:3px solid #d7ac1d;}p,.product_dec div{margin:0.5em 0;padding:0 2em 2em 2em;color:rgb(51,51,51);text-align:left;}#main{max-width:96%;background:rgb(249,249,249);border-radius:0.5em;text-align:center;}@media screen and (min-width:768px){#main{margin:0 auto;max-width:65%;}h2,h3{font-size:125%;}}</style>
<div id=""main""><article><h1><i style=""font-family:Georgia,serif;"">Welcome to TONY STORE</i></h1>
<section class=""product_dec""><h2>Description</h2>
<div vocab=""http://schema.org/"" typeof=""Product"">High-end PlayStation 4 with 4K and HDR support.<br><br><br>[Accessories]</div>
<div vocab=""http://schema.org/"" typeof=""Product"">
<b><font face=""Open Sans, sans-serif"" style="""">Items not shown in the product description or photos are not included.<br></font></b><b><font face=""Open Sans, sans-serif"">If the item is new, the originally included items will be included.</font></b>
</div>
<div vocab=""http://schema.org/"" typeof=""Product"">We have many similar items for sale. Visit our store!!</div>
<div vocab=""http://schema.org/"" typeof=""Product"">
<font color=""#833e15"" size=""4""><i>https://www.ebay.com/str/tonystorejp</i></font><br>
</div></section><aside><div class=""shiharai"">
<h3>Shipping</h3>
<p>Shipping from Japan (FedEx or DHL or Japan Post).</p>
<p>Usually, we will ship in about 1 - 7 business days.</p>
<p>Depending on your country of residence and etc., it will usually arrive 2 - 5 days after shipping.</p>
<p>In most cases, shipping is free, but there may be an additional charge depending on your location.</p>
<p>While safety is always a priority, we avoid excessive packaging from a sustainability perspective. If you require additional packaging, please let us know via message.</p>
</div>
<div class=""voltage"">
<h3>Voltage</h3>
<p>The available voltage varies depending on the product.<br>Please check the appropriate voltage in advance and use a transformer if necessary. We sell transformers at our store, so please feel free to consult with us.<br>Please note that we do not accept exchanges or returns due to voltage.</p>
</div>
<div class=""torihiki""></div>
<div class=""tyuui"">
<h3>International Buyers - Please Note:</h3>
<p>Import duties, taxes, and charges are not included in the item price or shipping cost. These charges are the buyer's responsibility. Please check with your country's customs office to determine what these additional costs will be prior to bidding or buying. If there is a remote charge for your address, we will charge you for additional shipping.<br></p>
<p>For US Buyers: Customs duties and other fees for items priced under $2,500 are included in the shipping cost. Therefore, no additional charges are required.</p>
<p>Thank you so much for your understanding.</p>
</div></aside></article></div>

</div></div><style>
  .item-specifics, .item-description {font-family: Arial, sans-serif; font-size: 14px; margin-top: 16px;}
  .title {font-size: 16px; font-weight: bold; margin: 0 0 8px 0;}
  .specs-grid {display: grid; grid-template-columns: repeat(2, 1fr); gap: 12px 24px;}
  .spec-pair {display: grid; grid-template-columns: 120px 1fr; gap: 8px;}
  .spec-name {font-weight: bold; color: #111;}
  .spec-value {color: #333;}
  .description-text {margin-top: 8px; line-height: 1.4; color: #333;}
</style>
",nexus-dynamics-platform-eg4e6,,"","",true,Title,Default Title,,,,,,,,v1|364179587297|0,0.0,shopify,continue,manual,3990.88,3990.88,true,true,,,,,,https://cdn.shopify.com/s/files/1/0781/6963/7052/files/s-l1600_f23b40df-1ca1-40d7-a867-567a68fe880f.jpg?v=1782675255,1,"",false,,,https://cdn.shopify.com/s/files/1/0781/6963/7052/files/s-l1600_f23b40df-1ca1-40d7-a867-567a68fe880f.jpg?v=1782675255,kg,,3990.88,active
sony-playstation-r-4-pro-game-home-console-glacier-white-hdd-1tb-japan-hdmi-2018,,,,,,,,,,,,,,,,,,,,,,,,,,,,,,,https://cdn.shopify.com/s/files/1/0781/6963/7052/files/s-l1600_a00d3c1b-f5ab-48a2-a9d3-05c9457f397c.jpg?v=1782675254,2,"",,,,,,,,
sony-playstation-r-4-pro-game-home-console-glacier-white-hdd-1tb-japan-hdmi-2018,,,,,,,,,,,,,,,,,,,,,,,,,,,,,,,https://cdn.shopify.com/s/files/1/0781/6963/7052/files/s-l1600_df0ce1d2-ce04-4886-b4a6-181adfe9a4ba.jpg?v=1782675255,3,"",,,,,,,,
sony-playstation-r-4-pro-game-home-console-glacier-white-hdd-1tb-japan-hdmi-2018,,,,,,,,,,,,,,,,,,,,,,,,,,,,,,,https://cdn.shopify.com/s/files/1/0781/6963/7052/files/s-l1600_cc568f39-4034-48a4-b418-60098f04f1ba.jpg?v=1782675254,4,"",,,,,,,,
sony-playstation-r-4-pro-game-home-console-glacier-white-hdd-1tb-japan-hdmi-2018,,,,,,,,,,,,,,,,,,,,,,,,,,,,,,,https://cdn.shopify.com/s/files/1/0781/6963/7052/files/s-l1600_ad56fbdd-f30a-42ef-90d5-430c9df4d944.jpg?v=1782675255,5,"",,,,,,,,
sony-playstation-r-4-pro-game-home-console-glacier-white-hdd-1tb-japan-hdmi-2018,,,,,,,,,,,,,,,,,,,,,,,,,,,,,,,https://cdn.shopify.com/s/files/1/0781/6963/7052/files/s-l1600_435d548f-91a7-4218-a5fc-900dc1245dee.jpg?v=1782675255,6,"",,,,,,,,
sony-playstation-r-4-pro-game-home-console-glacier-white-hdd-1tb-japan-hdmi-2018,,,,,,,,,,,,,,,,,,,,,,,,,,,,,,,https://cdn.shopify.com/s/files/1/0781/6963/7052/files/s-l1600_ca79f85a-b878-4ed3-b242-4b011e282fdc.jpg?v=1782675255,7,"",,,,,,,,
sony-playstation-r-4-pro-game-home-console-glacier-white-hdd-1tb-japan-hdmi-2018,,,,,,,,,,,,,,,,,,,,,,,,,,,,,,,https://cdn.shopify.com/s/files/1/0781/6963/7052/files/s-l1600_dc59078c-3275-4055-aa07-dbf82d80e956.jpg?v=1782675255,8,"",,,,,,,,
sony-playstation-r-4-pro-game-home-console-glacier-white-hdd-1tb-japan-hdmi-2018,,,,,,,,,,,,,,,,,,,,,,,,,,,,,,,https://cdn.shopify.com/s/files/1/0781/6963/7052/files/s-l1600_25a02e4a-a0ae-4571-9ed0-fc5581e46150.jpg?v=1782675255,9,"",,,,,,,,
sony-playstation-r-4-pro-game-home-console-glacier-white-hdd-1tb-japan-hdmi-2018,,,,,,,,,,,,,,,,,,,,,,,,,,,,,,,https://cdn.shopify.com/s/files/1/0781/6963/7052/files/s-l1600_e5a86d1f-22c8-4434-acc4-80b24e20683e.jpg?v=1782675255,10,"",,,,,,,,
sony-playstation-r-4-pro-game-home-console-glacier-white-hdd-1tb-japan-hdmi-2018,,,,,,,,,,,,,,,,,,,,,,,,,,,,,,,https://cdn.shopify.com/s/files/1/0781/6963/7052/files/s-l1600_713c06ad-4c60-45de-82a5-77978899d97d.jpg?v=1782675255,11,"",,,,,,,,
